{"credit":"Made with Blockbench","texture_size":[32,32],"textures":{"2":"cosmetic_expansion_v1:cyber_jetpack","3":"cosmetic_expansion_v1:cyber_jetpack_animations"},"elements":[{"from":[4.5,0,8],"to":[11.5,9,11],"faces":{"north":{"uv":[0,0,3.5,4.5],"texture":"#2"},"south":{"uv":[3.5,0,7,4.5],"texture":"#2"},"up":{"uv":[12.5,1.5,9,0],"texture":"#2"},"down":{"uv":[12.5,1.5,9,3],"texture":"#2"}}},{"from":[12.5,-12,9],"to":[14.5,-1,11],"faces":{"north":{"uv":[4,0,6,11],"texture":"#3","tintindex":0},"east":{"uv":[6,0,4,11],"texture":"#3","tintindex":0},"south":{"uv":[4,0,6,11],"texture":"#3","tintindex":0},"west":{"uv":[6,0,4,11],"texture":"#3","tintindex":0}}},{"from":[0.5,-1,8],"to":[4.5,10,12],"rotation":{"angle":0,"axis":"y","origin":[16,0,0]},"faces":{"north":{"uv":[7,0,9,5.5],"texture":"#2"},"east":{"uv":[7,5.5,9,11],"texture":"#2"},"south":{"uv":[0,8,2,13.5],"texture":"#2"},"west":{"uv":[2,8,4,13.5],"texture":"#2"},"up":{"uv":[9,13,7,11],"texture":"#2"},"down":{"uv":[6,11.5,4,13.5],"texture":"#2"}}},{"from":[1.5,-12,9],"to":[3.5,-1,11],"rotation":{"angle":0,"axis":"y","origin":[16,0,0]},"faces":{"north":{"uv":[6,0,4,11],"texture":"#3","tintindex":0},"east":{"uv":[4,0,6,11],"texture":"#3","tintindex":0},"south":{"uv":[6,0,4,11],"texture":"#3","tintindex":0},"west":{"uv":[4,0,6,11],"texture":"#3","tintindex":0}}},{"from":[1.5,9,9],"to":[6.5,13,11],"rotation":{"angle":0,"axis":"y","origin":[16,0,0]},"faces":{"north":{"uv":[10.5,9,13,11],"texture":"#2"},"east":{"uv":[7,13,8,15],"texture":"#2"},"south":{"uv":[10.5,11,13,13],"texture":"#2"},"west":{"uv":[8,13,9,15],"texture":"#2"},"up":{"uv":[15,6,12.5,5],"texture":"#2"}}},{"from":[4.6,1,11],"to":[11.6,8,14],"faces":{"east":{"uv":[4,8,5.5,11.5],"texture":"#2"},"south":{"uv":[0,4.5,3.5,8],"texture":"#2"},"west":{"uv":[5.5,8,7,11.5],"texture":"#2"},"up":{"uv":[12.5,4.5,9,3],"texture":"#2"},"down":{"uv":[12.5,4.5,9,6],"texture":"#2"}}},{"from":[4.5,0.9,11.1],"to":[11.7,8.1,14.1],"faces":{"east":{"uv":[9,6,10.5,9.5],"texture":"#2","tintindex":0},"south":{"uv":[3.5,4.5,7,8],"texture":"#2","tintindex":0},"west":{"uv":[9,9.5,10.5,13],"texture":"#2","tintindex":0},"up":{"uv":[14,7.5,10.5,6],"texture":"#2","tintindex":0},"down":{"uv":[14,7.5,10.5,9],"texture":"#2","tintindex":0}}},{"from":[3.5,0,2],"to":[5.5,2,8],"faces":{"north":{"uv":[9,13,10,14],"texture":"#2"},"east":{"uv":[15.5,1,12.5,2],"texture":"#2"},"west":{"uv":[12.5,1,15.5,2],"texture":"#2"},"up":{"uv":[7,14.5,6,11.5],"texture":"#2"},"down":{"uv":[13.5,2,12.5,5],"texture":"#2"}}},{"from":[10.5,0,2],"to":[12.5,2,8],"rotation":{"angle":0,"axis":"y","origin":[16,0,0]},"faces":{"north":{"uv":[10,13,9,14],"texture":"#2"},"east":{"uv":[15.5,1,12.5,2],"texture":"#2"},"west":{"uv":[12.5,1,15.5,2],"texture":"#2"},"up":{"uv":[6,14.5,7,11.5],"texture":"#2"},"down":{"uv":[12.5,2,13.5,5],"texture":"#2"}}},{"from":[11.5,-1,8],"to":[15.5,10,12],"faces":{"north":{"uv":[9,0,7,5.5],"texture":"#2"},"east":{"uv":[4,8,2,13.5],"texture":"#2"},"south":{"uv":[2,8,0,13.5],"texture":"#2"},"west":{"uv":[9,5.5,7,11],"texture":"#2"},"up":{"uv":[7,13,9,11],"texture":"#2"},"down":{"uv":[4,11.5,6,13.5],"texture":"#2"}}},{"from":[9.5,9,9],"to":[14.5,13,11],"faces":{"north":{"uv":[13,9,10.5,11],"texture":"#2"},"east":{"uv":[9,13,8,15],"texture":"#2"},"south":{"uv":[13,11,10.5,13],"texture":"#2"},"west":{"uv":[8,13,7,15],"texture":"#2"},"up":{"uv":[12.5,6,15,5],"texture":"#2"}}}],"display":{"thirdperson_righthand":{"rotation":[60.5,0,0],"translation":[-6,-4.25,9.75]},"thirdperson_lefthand":{"rotation":[75,45,0],"translation":[0,2.5,0],"scale":[0.375,0.375,0.375]},"firstperson_righthand":{"rotation":[0,45,0],"scale":[0.4,0.4,0.4]},"firstperson_lefthand":{"rotation":[0,225,0],"scale":[0.4,0.4,0.4]},"ground":{"translation":[0,3,0],"scale":[0.25,0.25,0.25]},"gui":{"rotation":[30,225,0],"scale":[0.625,0.625,0.625]},"head":{"rotation":[-9,0,0],"translation":[0,-43.5,3.25],"scale":[1.55,1.55,1.55]},"fixed":{"scale":[0.5,0.5,0.5]}}}