{"credit":"Made with Blockbench","texture_size":[64,64],"textures":{"1":"cosmetic_expansion_v1:shadow_dragon_smoke","4":"cosmetic_expansion_v1:shadow_dragon_head"},"elements":[{"from":[4,1.7,10.7],"to":[5,2.7,12.7],"rotation":{"angle":45,"axis":"x","origin":[0,16,0]},"faces":{"north":{"uv":[8.25,7.25,8,7],"rotation":180,"texture":"#4"},"east":{"uv":[2,8.5,2.25,8],"rotation":90,"texture":"#4"},"south":{"uv":[8.25,6.75,8,7],"texture":"#4"},"west":{"uv":[2.5,8.5,2.75,8],"rotation":270,"texture":"#4"},"up":{"uv":[2.25,8.5,2.5,8],"texture":"#4"},"down":{"uv":[1.75,8.5,2,8],"rotation":180,"texture":"#4"}}},{"from":[11,1.7,10.7],"to":[12,2.7,12.7],"rotation":{"angle":45,"axis":"x","origin":[16,16,0]},"faces":{"north":{"uv":[8,7.25,8.25,7],"rotation":180,"texture":"#4"},"east":{"uv":[2.5,8,2.75,8.5],"rotation":270,"texture":"#4"},"south":{"uv":[8,6.75,8.25,7],"texture":"#4"},"west":{"uv":[2,8,2.25,8.5],"rotation":90,"texture":"#4"},"up":{"uv":[2.5,8.5,2.25,8],"texture":"#4"},"down":{"uv":[2,8.5,1.75,8],"rotation":180,"texture":"#4"}}},{"from":[4,-7.5,4.5],"to":[12,-1.5,6.5],"rotation":{"angle":45,"axis":"x","origin":[8,1.5,7]},"faces":{"north":{"uv":[7,1.5,5,0],"rotation":180,"texture":"#4"},"east":{"uv":[7,6.25,8.5,6.75],"rotation":90,"texture":"#4"},"south":{"uv":[7,1.5,5,3],"texture":"#4"},"west":{"uv":[3.75,7.25,5.25,7.75],"rotation":270,"texture":"#4"},"up":{"uv":[7,2,9,2.5],"texture":"#4"},"down":{"uv":[7,1.5,9,2],"rotation":180,"texture":"#4"}}},{"from":[4,2,-3],"to":[12,5,3],"faces":{"north":{"uv":[5,6,7,6.75],"texture":"#4"},"east":{"uv":[7,0,8.5,0.75],"texture":"#4"},"west":{"uv":[7,0.75,8.5,1.5],"texture":"#4"},"up":{"uv":[7,4.5,5,3],"texture":"#4"},"down":{"uv":[7,4.5,5,6],"texture":"#4"}}},{"from":[3,0,3],"to":[13,9,13],"faces":{"north":{"uv":[2.5,0,5,2.25],"texture":"#4"},"east":{"uv":[2.5,2.25,5,4.5],"texture":"#4"},"south":{"uv":[2.5,4.5,5,6.75],"texture":"#4"},"west":{"uv":[0,5,2.5,7.25],"texture":"#4"},"up":{"uv":[2.5,2.5,0,0],"texture":"#4"},"down":{"uv":[2.5,2.5,0,5],"texture":"#4"}}},{"from":[-2,5,9],"to":[3,8,12],"rotation":{"angle":-22.5,"axis":"x","origin":[0.5,5.5,10.5]},"faces":{"north":{"uv":[7,2.5,8.25,3.25],"texture":"#4","tintindex":0},"south":{"uv":[7,3.25,8.25,4],"texture":"#4","tintindex":0},"west":{"uv":[7.75,7.5,8.5,8.25],"texture":"#4","tintindex":0},"up":{"uv":[8.25,4.75,7,4],"texture":"#4","tintindex":0},"down":{"uv":[8.25,4.75,7,5.5],"texture":"#4","tintindex":0}}},{"from":[-2,8,9.5],"to":[0,14,11.5],"rotation":{"angle":-22.5,"axis":"x","origin":[0.5,5.5,10.5]},"faces":{"north":{"uv":[5.25,7.25,5.75,8.75],"texture":"#4","tintindex":0},"east":{"uv":[5.75,7.25,6.25,8.75],"texture":"#4","tintindex":0},"south":{"uv":[6.25,7.25,6.75,8.75],"texture":"#4","tintindex":0},"west":{"uv":[6.75,7.25,7.25,8.75],"texture":"#4","tintindex":0},"up":{"uv":[1.25,8.5,0.75,8],"texture":"#4","tintindex":0}}},{"from":[13,5,9],"to":[18,8,12],"rotation":{"angle":-22.5,"axis":"x","origin":[15.5,5.5,10.5]},"faces":{"north":{"uv":[8.25,2.5,7,3.25],"texture":"#4","tintindex":0},"east":{"uv":[8.5,7.5,7.75,8.25],"texture":"#4","tintindex":0},"south":{"uv":[8.25,3.25,7,4],"texture":"#4","tintindex":0},"up":{"uv":[7,4.75,8.25,4],"texture":"#4","tintindex":0},"down":{"uv":[7,4.75,8.25,5.5],"texture":"#4","tintindex":0}}},{"from":[16,8,9.5],"to":[18,14,11.5],"rotation":{"angle":-22.5,"axis":"x","origin":[15.5,5.5,10.5]},"faces":{"north":{"uv":[5.75,7.25,5.25,8.75],"texture":"#4","tintindex":0},"east":{"uv":[7.25,7.25,6.75,8.75],"texture":"#4","tintindex":0},"south":{"uv":[6.75,7.25,6.25,8.75],"texture":"#4","tintindex":0},"west":{"uv":[6.25,7.25,5.75,8.75],"texture":"#4","tintindex":0},"up":{"uv":[0.75,8.5,1.25,8],"texture":"#4","tintindex":0}}},{"from":[2.75,5,2.75],"to":[13.25,6,4.75],"faces":{"north":{"uv":[7.75,7.25,10.5,7.5],"texture":"#4","tintindex":0},"east":{"uv":[2.75,8,3.25,8.25],"texture":"#4","tintindex":0},"west":{"uv":[3.25,8,3.75,8.25],"texture":"#4","tintindex":0},"up":{"uv":[5.25,7.25,2.5,6.75],"texture":"#4"},"down":{"uv":[8,6.75,5.25,7.25],"texture":"#4"}}},{"from":[3,3,-4],"to":[7,12,-4],"rotation":{"angle":-22.5,"axis":"y","origin":[6,4,-4]},"faces":{"north":{"uv":[0,0,4,9],"texture":"#1"},"east":{"uv":[0,0,0,9],"texture":"#1"},"south":{"uv":[0,0,4,9],"texture":"#1"},"west":{"uv":[0,0,0,9],"texture":"#1"},"up":{"uv":[0,4,0,0],"rotation":270,"texture":"#1"},"down":{"uv":[0,0,0,4],"rotation":90,"texture":"#1"}}},{"from":[9,3,-4],"to":[13,12,-4],"rotation":{"angle":22.5,"axis":"y","origin":[10,4,-4]},"faces":{"north":{"uv":[4,0,0,9],"texture":"#1"},"east":{"uv":[0,0,0,9],"texture":"#1"},"south":{"uv":[4,0,0,9],"texture":"#1"},"west":{"uv":[0,0,0,9],"texture":"#1"},"up":{"uv":[0,4,0,0],"rotation":90,"texture":"#1"},"down":{"uv":[0,0,0,4],"rotation":270,"texture":"#1"}}},{"from":[4,0,-3],"to":[5,2,-2],"faces":{"north":{"uv":[1.75,8,2,8.5],"texture":"#4"},"east":{"uv":[2,8,2.25,8.5],"texture":"#4"},"south":{"uv":[2.25,8,2.5,8.5],"texture":"#4"},"west":{"uv":[2.5,8,2.75,8.5],"texture":"#4"},"up":{"uv":[8.25,7,8,6.75],"texture":"#4"},"down":{"uv":[8.25,7,8,7.25],"texture":"#4"}}},{"from":[11,0,-3],"to":[12,2,-2],"rotation":{"angle":0,"axis":"y","origin":[16,0,0]},"faces":{"north":{"uv":[2,8,1.75,8.5],"texture":"#4"},"east":{"uv":[2.75,8,2.5,8.5],"texture":"#4"},"south":{"uv":[2.5,8,2.25,8.5],"texture":"#4"},"west":{"uv":[2.25,8,2,8.5],"texture":"#4"},"up":{"uv":[8,7,8.25,6.75],"texture":"#4"},"down":{"uv":[8,7,8.25,7.25],"texture":"#4"}}}],"display":{"thirdperson_righthand":{"rotation":[75,45,0],"translation":[0,2.5,0],"scale":[0.375,0.375,0.375]},"thirdperson_lefthand":{"rotation":[75,45,0],"translation":[0,2.5,0],"scale":[0.375,0.375,0.375]},"firstperson_righthand":{"rotation":[0,45,0],"scale":[0.4,0.4,0.4]},"firstperson_lefthand":{"rotation":[0,225,0],"scale":[0.4,0.4,0.4]},"ground":{"translation":[0,3,0],"scale":[0.25,0.25,0.25]},"gui":{"rotation":[30,225,0],"scale":[0.625,0.625,0.625]},"head":{"translation":[0,6.5,0],"scale":[1.6,1.6,1.6]},"fixed":{"scale":[0.5,0.5,0.5]}}}