{"texture_size":[64,64],"textures":{"1":"adventurer_swords_volume_2:item/vampiric_blade"},"elements":[{"from":[7.02,-4.96,7.02],"to":[8.98,3,8.98],"rotation":{"angle":0,"axis":"y","origin":[8,27.5,7.5]},"faces":{"north":{"uv":[11.5,12,12,14],"texture":"#1"},"east":{"uv":[11.5,12,11.75,14],"texture":"#1"},"south":{"uv":[12,12,11.5,14],"texture":"#1"},"west":{"uv":[11.75,12,12,14],"texture":"#1"}}},{"from":[7,-7.25711,7],"to":[10,-4.25711,9],"rotation":{"angle":-45,"axis":"z","origin":[8,-5.25711,8]},"faces":{"north":{"uv":[11.5,14,12.25,14.75],"texture":"#1"},"east":{"uv":[11.5,14,11.75,14.75],"texture":"#1"},"south":{"uv":[12.25,14,11.5,14.75],"texture":"#1"},"west":{"uv":[12.25,14,12.5,14.75],"texture":"#1"},"up":{"uv":[11.5,14,10.75,14.25],"texture":"#1"},"down":{"uv":[12.25,14.5,11.5,14.75],"texture":"#1"}}},{"from":[5.52,5.72,7.02],"to":[6.48,6.68,8.98],"rotation":{"angle":22.5,"axis":"z","origin":[6,6.2,8]},"faces":{"north":{"uv":[12,11,12.25,11.25],"texture":"#1"},"south":{"uv":[12.25,11,12,11.25],"texture":"#1"},"west":{"uv":[12,11,12.25,11.25],"texture":"#1"},"up":{"uv":[12,11,12.25,11.25],"texture":"#1"}}},{"from":[9.52,5.72,7.02],"to":[10.48,6.68,8.98],"rotation":{"angle":-22.5,"axis":"z","origin":[10,6.2,8]},"faces":{"north":{"uv":[11,11,11.25,11.25],"texture":"#1"},"east":{"uv":[11,11,11.25,11.25],"texture":"#1"},"south":{"uv":[11.25,11,11,11.25],"texture":"#1"},"up":{"uv":[11,11,11.25,11.25],"texture":"#1"}}},{"from":[5,3,7],"to":[11,6,9],"rotation":{"angle":0,"axis":"y","origin":[8,30.5,7.5]},"faces":{"north":{"uv":[11,11.25,12.5,12],"texture":"#1"},"south":{"uv":[12.5,11.25,11,12],"texture":"#1"},"up":{"uv":[10,12.5,11.5,12.75],"texture":"#1"},"down":{"uv":[11,11.75,12.5,12],"texture":"#1"}}},{"from":[6.54,5.04,7.04],"to":[9.46,7.96,8.96],"rotation":{"angle":-45,"axis":"z","origin":[8,6.5,8]},"faces":{"north":{"uv":[9.75,10.5,10.5,11.25],"texture":"#1"},"south":{"uv":[10.5,10.5,9.75,11.25],"texture":"#1"},"west":{"uv":[10.5,10.5,10.25,11.25],"texture":"#1"},"up":{"uv":[10.5,10.5,9.75,10.75],"texture":"#1"}}},{"from":[3.48963,4.23957,7.02],"to":[5.44963,6.19957,8.98],"rotation":{"angle":-22.5,"axis":"z","origin":[4.46963,5.21957,8]},"faces":{"north":{"uv":[12.25,11.25,12.75,11.75],"texture":"#1"},"south":{"uv":[12.75,11.25,12.25,11.75],"texture":"#1"},"up":{"uv":[12.75,11.25,12.25,11.5],"texture":"#1"},"down":{"uv":[12.75,11.5,12.25,11.75],"texture":"#1"}}},{"from":[1.34039,4.10576,6.96],"to":[3.42039,6.18576,9.04],"rotation":{"angle":22.5,"axis":"z","origin":[2.48039,4.99576,8]},"faces":{"north":{"uv":[12.75,11.5,13.25,12],"texture":"#1"},"south":{"uv":[13.25,11.5,12.75,12],"texture":"#1"},"west":{"uv":[13,11.5,13.25,12],"texture":"#1"},"up":{"uv":[13.25,11.5,12.75,11.75],"texture":"#1"},"down":{"uv":[13.25,11.75,12.75,12],"texture":"#1"}}},{"from":[2.67504,4.9404,6.98],"to":[4.71504,6.9804,9.02],"rotation":{"angle":45,"axis":"z","origin":[3.69504,5.9604,8]},"faces":{"north":{"uv":[12.5,11.25,13,11.75],"rotation":270,"texture":"#1"},"east":{"uv":[12.5,11.25,13,11.5],"rotation":270,"texture":"#1"},"south":{"uv":[12.5,11.75,13,11.25],"rotation":270,"texture":"#1"},"up":{"uv":[13,11.75,12.75,11.25],"rotation":270,"texture":"#1"}}},{"from":[3.55963,2.25957,7.04],"to":[5.47963,4.17957,8.96],"rotation":{"angle":45,"axis":"z","origin":[4.71963,3.21957,8]},"faces":{"north":{"uv":[12.5,12,13,12.5],"texture":"#1"},"south":{"uv":[13,12,12.5,12.5],"texture":"#1"},"west":{"uv":[12.75,12,13,12.5],"texture":"#1"},"up":{"uv":[13,12,12.5,12.25],"texture":"#1"},"down":{"uv":[13,12.25,12.5,12.5],"texture":"#1"}}},{"from":[10.52037,2.25957,7.04],"to":[12.44037,4.17957,8.96],"rotation":{"angle":-45,"axis":"z","origin":[11.28037,3.21957,8]},"faces":{"north":{"uv":[10.5,12,11,12.5],"texture":"#1"},"east":{"uv":[10.5,12,10.75,12.5],"texture":"#1"},"south":{"uv":[11,12,10.5,12.5],"texture":"#1"},"up":{"uv":[11,12,10.5,12.25],"texture":"#1"},"down":{"uv":[11,12.25,10.5,12.5],"texture":"#1"}}},{"from":[11.28496,4.9404,6.98],"to":[13.32496,6.9804,9.02],"rotation":{"angle":45,"axis":"z","origin":[12.30496,5.9604,8]},"faces":{"north":{"uv":[10.5,11.25,11,11.75],"texture":"#1"},"east":{"uv":[10.5,11.25,10.75,11.75],"texture":"#1"},"south":{"uv":[11,11.25,10.5,11.75],"texture":"#1"},"up":{"uv":[11,11.25,10.5,11.5],"texture":"#1"}}},{"from":[10.55037,4.23957,7.02],"to":[12.51037,6.19957,8.98],"rotation":{"angle":22.5,"axis":"z","origin":[11.53037,5.21957,8]},"faces":{"north":{"uv":[10.75,11.25,11.25,11.75],"texture":"#1"},"south":{"uv":[11.25,11.25,10.75,11.75],"texture":"#1"},"up":{"uv":[11.25,11.25,10.75,11.5],"texture":"#1"},"down":{"uv":[11.25,11.5,10.75,11.75],"texture":"#1"}}},{"from":[12.57961,4.10576,6.96],"to":[14.65961,6.18576,9.04],"rotation":{"angle":-22.5,"axis":"z","origin":[13.51961,4.99576,8]},"faces":{"north":{"uv":[10.25,11.5,10.75,12],"texture":"#1"},"east":{"uv":[10.25,11.5,10.5,12],"texture":"#1"},"south":{"uv":[10.75,11.5,10.25,12],"texture":"#1"},"up":{"uv":[10.75,11.5,10.25,11.75],"texture":"#1"},"down":{"uv":[10.75,11.75,10.25,12],"texture":"#1"}}},{"from":[5.5,6,7.5],"to":[10.5,27,8.5],"rotation":{"angle":0,"axis":"y","origin":[8,30.5,7.5]},"faces":{"north":{"uv":[11,6,12.25,11.25],"texture":"#1"},"east":{"uv":[11,6,11.25,11.25],"texture":"#1"},"south":{"uv":[12.25,6,11,11.25],"texture":"#1"},"west":{"uv":[12,6,12.25,11.25],"texture":"#1"}}},{"from":[7.23,-9.77,7.48],"to":[9.02,-7.98,8.52],"rotation":{"angle":45,"axis":"z","origin":[8,-9,8]},"faces":{"north":{"uv":[11.5,15.25,12,15.75],"texture":"#1"},"east":{"uv":[11.25,15.25,11.5,15.75],"texture":"#1"},"south":{"uv":[12,15.25,11.5,15.75],"texture":"#1"},"west":{"uv":[11.75,15.25,12,15.75],"texture":"#1"},"up":{"uv":[12.5,15.25,12,15.5],"texture":"#1"},"down":{"uv":[12,15.5,11.5,15.75],"texture":"#1"}}},{"from":[7,-9,7.5],"to":[9,-7,8.5],"rotation":{"angle":0,"axis":"y","origin":[8,-9,8]},"faces":{"north":{"uv":[11.5,14.75,12,15.25],"texture":"#1"},"east":{"uv":[11.5,14.75,11.75,15.25],"texture":"#1"},"south":{"uv":[12,14.75,11.5,15.25],"texture":"#1"},"west":{"uv":[11.75,14.75,12,15.25],"texture":"#1"}}},{"from":[5.52,9.02,7.52],"to":[6.48,11.98,8.48],"rotation":{"angle":45,"axis":"z","origin":[6,9,8]},"faces":{"north":{"uv":[12.25,10,12.5,10.75],"texture":"#1"},"east":{"uv":[12.25,10,12.5,10.75],"texture":"#1"},"south":{"uv":[12.5,10,12.25,10.75],"texture":"#1"},"west":{"uv":[12.25,10,12.5,10.75],"texture":"#1"},"up":{"uv":[12.25,10,12.5,10.25],"texture":"#1"}}},{"from":[5.52,14.02,7.52],"to":[6.48,16.98,8.48],"rotation":{"angle":45,"axis":"z","origin":[6,15,8]},"faces":{"north":{"uv":[12.25,8.5,12.5,9.25],"texture":"#1"},"east":{"uv":[12.25,8.5,12.5,9.25],"texture":"#1"},"south":{"uv":[12.5,8.5,12.25,9.25],"texture":"#1"},"west":{"uv":[12.25,8.5,12.5,9.25],"texture":"#1"},"up":{"uv":[12.25,8.5,12.5,8.75],"texture":"#1"}}},{"from":[5.52,11.52,7.52],"to":[6.48,14.48,8.48],"rotation":{"angle":45,"axis":"z","origin":[6,12,8]},"faces":{"north":{"uv":[12.25,9,12.5,9.75],"texture":"#1"},"east":{"uv":[12.25,9,12.5,9.75],"texture":"#1"},"south":{"uv":[12.5,9,12.25,9.75],"texture":"#1"},"west":{"uv":[12.25,9,12.5,9.75],"texture":"#1"},"up":{"uv":[12.25,9,12.5,9.25],"texture":"#1"}}},{"from":[9.52,14.02,7.52],"to":[10.48,16.98,8.48],"rotation":{"angle":-45,"axis":"z","origin":[10,15,8]},"faces":{"north":{"uv":[12.5,8.5,12.25,9.25],"texture":"#1"},"east":{"uv":[12.5,8.5,12.25,9.25],"texture":"#1"},"south":{"uv":[12.25,8.5,12.5,9.25],"texture":"#1"},"west":{"uv":[12.5,8.5,12.25,9.25],"texture":"#1"},"up":{"uv":[12.5,8.5,12.25,8.75],"texture":"#1"}}},{"from":[9.52,11.52,7.52],"to":[10.48,14.48,8.48],"rotation":{"angle":-45,"axis":"z","origin":[10,12,8]},"faces":{"north":{"uv":[12.5,9,12.25,9.75],"texture":"#1"},"east":{"uv":[12.5,9,12.25,9.75],"texture":"#1"},"south":{"uv":[12.25,9,12.5,9.75],"texture":"#1"},"west":{"uv":[12.5,9,12.25,9.75],"texture":"#1"},"up":{"uv":[12.5,9,12.25,9.25],"texture":"#1"}}},{"from":[9.52,9.02,7.52],"to":[10.48,11.98,8.48],"rotation":{"angle":-45,"axis":"z","origin":[10,9,8]},"faces":{"north":{"uv":[12.5,10,12.25,10.75],"texture":"#1"},"east":{"uv":[12.5,10,12.25,10.75],"texture":"#1"},"south":{"uv":[12.25,10,12.5,10.75],"texture":"#1"},"west":{"uv":[12.5,10,12.25,10.75],"texture":"#1"},"up":{"uv":[12.5,10,12.25,10.25],"texture":"#1"}}},{"from":[5.98,24.68,7.48],"to":[10.02,28.72,8.52],"rotation":{"angle":45,"axis":"z","origin":[8,26.7,8]},"faces":{"north":{"uv":[11,5,12,6],"texture":"#1"},"east":{"uv":[11,5,11.25,6],"texture":"#1"},"south":{"uv":[12,5,11,6],"texture":"#1"},"west":{"uv":[12,5,12.25,6],"texture":"#1"},"up":{"uv":[12,5,11,5.25],"texture":"#1"},"down":{"uv":[11,5.75,10,6],"texture":"#1"}}}],"gui_light":"front","display":{"thirdperson_righthand":{"rotation":[-10,-90,0],"translation":[0,3.25,0.75],"scale":[0.6,0.6,0.6]},"thirdperson_lefthand":{"rotation":[-10,90,0],"translation":[0,3.25,0.75],"scale":[0.6,0.6,0.6]},"firstperson_righthand":{"rotation":[21,-90,0],"translation":[4,0.5,-1.75],"scale":[0.6,0.6,0.6]},"firstperson_lefthand":{"rotation":[21,90,0],"translation":[4,0.5,-1.75],"scale":[0.6,0.6,0.6]},"ground":{"rotation":[0,0,-45],"translation":[0,3,0],"scale":[0.35,0.35,0.35]},"gui":{"rotation":[0,0,-45],"translation":[-0.75,-0.75,0],"scale":[0.575,0.575,0.575]},"head":{"rotation":[0,0,-180],"translation":[0.25,15.25,0.75],"scale":[0.6,0.6,0.6]},"fixed":{"rotation":[0,-180,-45],"translation":[0.75,-0.75,0],"scale":[0.55,0.55,0.55]}}}