{"parent":"minecraft:item/handheld","textures":{"layer0":"minecraft:item/diamond_axe"},"overrides":[{"predicate":{"custom_model_data":2200197},"model":"slimefun:slimefun/tools/lumber_axe"},{"predicate":{"custom_model_data":2200276},"model":"slimefun:slimefun/tools/soulbound_axe"},{"predicate":{"custom_model_data":2201297},"model":"fluffymachines:wrenches/reinforced_fluffy_wrench"},{"predicate":{"custom_model_data":2201299},"model":"fluffymachines:tools/upgraded_lumber_axe"},{"predicate":{"custom_model_data":2201302},"model":"fluffymachines:tools/paxel"},{"predicate":{"custom_model_data":2201303},"model":"item/diamond_axe"}]}