{
	"credit": "Made by PolygonMC",
	"texture_size": [32, 32],
	"textures": {
		"2": "azureset:animations/animations_3",
		"5": "azureset:wings",
		"particle": "azureset:animations/animations_3"
	},
	"elements": [
		{
			"from": [8.625, 7, 7.25],
			"to": [10.625, 9, 8.75],
			"rotation": {"angle": -22.5, "axis": "z", "origin": [9.625, 8, 8]},
			"faces": {
				"north": {"uv": [1.625, 10.25, 2.625, 11.25], "texture": "#5"},
				"east": {"uv": [3.625, 10.25, 4.375, 11.25], "texture": "#5"},
				"south": {"uv": [2.625, 10.25, 3.625, 11.25], "texture": "#5"},
				"west": {"uv": [4.625, 10.25, 5.375, 11.25], "texture": "#5"},
				"up": {"uv": [6.625, 11, 5.625, 10.25], "texture": "#5"},
				"down": {"uv": [7.625, 10.25, 6.625, 11], "texture": "#5"}
			}
		},
		{
			"from": [10.50768, 4.96299, 7.5],
			"to": [11.50768, 6.96299, 8.5],
			"rotation": {"angle": 22.5, "axis": "z", "origin": [10.00768, 4.46299, 7.5]},
			"faces": {
				"north": {"uv": [12.125, 3.25, 12.625, 4.25], "texture": "#5"},
				"east": {"uv": [4.125, 12.25, 4.625, 13.25], "texture": "#5"},
				"south": {"uv": [12.125, 4.25, 12.625, 5.25], "texture": "#5"},
				"west": {"uv": [4.625, 12.25, 5.125, 13.25], "texture": "#5"},
				"up": {"uv": [3.125, 13.25, 2.625, 12.75], "texture": "#5"},
				"down": {"uv": [14.125, 6.25, 13.625, 6.75], "texture": "#5"}
			}
		},
		{
			"from": [11.00768, 2.96299, 7.5],
			"to": [11.50768, 4.96299, 8.5],
			"rotation": {"angle": 22.5, "axis": "z", "origin": [10.00768, 4.46299, 7.5]},
			"faces": {
				"north": {"uv": [8.625, 13.75, 8.875, 14.75], "texture": "#5"},
				"east": {"uv": [5.125, 12.25, 5.625, 13.25], "texture": "#5"},
				"south": {"uv": [9.125, 13.75, 9.375, 14.75], "texture": "#5"},
				"west": {"uv": [12.125, 5.25, 12.625, 6.25], "texture": "#5"},
				"up": {"uv": [4.375, 14.75, 4.125, 14.25], "texture": "#5"},
				"down": {"uv": [4.875, 14.25, 4.625, 14.75], "texture": "#5"}
			}
		},
		{
			"from": [11.39089, 3.2659, 7.5],
			"to": [11.89089, 3.7659, 8.5],
			"rotation": {"angle": -22.5, "axis": "z", "origin": [11.64089, 3.5159, 8]},
			"faces": {
				"north": {"uv": [14.125, 7.25, 14.375, 7.5], "texture": "#5"},
				"east": {"uv": [14.125, 5.25, 14.625, 5.5], "texture": "#5"},
				"south": {"uv": [14.125, 7.75, 14.375, 8], "texture": "#5"},
				"west": {"uv": [5.625, 14.25, 6.125, 14.5], "texture": "#5"},
				"up": {"uv": [14.375, 6.25, 14.125, 5.75], "texture": "#5"},
				"down": {"uv": [6.375, 14.25, 6.125, 14.75], "texture": "#5"}
			}
		},
		{
			"from": [10.35492, 5.00158, 7.5035],
			"to": [11.07992, 5.37658, 8.4965],
			"rotation": {"angle": -22.5, "axis": "z", "origin": [10.60492, 5.25158, 8.0035]},
			"faces": {
				"north": {"uv": [14.125, 6.75, 14.5, 7], "texture": "#5"},
				"east": {"uv": [14.125, 4.75, 14.625, 5], "texture": "#5"},
				"south": {"uv": [7.125, 14.25, 7.5, 14.5], "texture": "#5"},
				"west": {"uv": [5.125, 14.25, 5.625, 14.5], "texture": "#5"},
				"up": {"uv": [14, 13.75, 13.625, 13.25], "texture": "#5"},
				"down": {"uv": [14.5, 0.25, 14.125, 0.75], "texture": "#5"}
			}
		},
		{
			"from": [10.125, 7.6, 7.5],
			"to": [13.125, 8.1, 8.5],
			"rotation": {"angle": 22.5, "axis": "z", "origin": [10.125, 8.75, 7.5]},
			"faces": {
				"north": {"uv": [12.625, 11.25, 14.125, 11.5], "texture": "#5"},
				"south": {"uv": [13.125, 9.25, 14.625, 9.5], "texture": "#5"},
				"up": {"uv": [9.125, 10.75, 7.625, 10.25], "texture": "#5"},
				"down": {"uv": [10.625, 10.25, 9.125, 10.75], "texture": "#5"}
			}
		},
		{
			"from": [10.125, 8.35, 7.5],
			"to": [13.125, 8.85, 8.5],
			"rotation": {"angle": 22.5, "axis": "z", "origin": [10.125, 8.75, 7.5]},
			"faces": {
				"north": {"uv": [13.125, 9.75, 14.625, 10], "texture": "#5"},
				"south": {"uv": [13.125, 11.75, 14.625, 12], "texture": "#5"},
				"up": {"uv": [9.125, 11.25, 7.625, 10.75], "texture": "#5"},
				"down": {"uv": [10.625, 10.75, 9.125, 11.25], "texture": "#5"}
			}
		},
		{
			"from": [10.125, 8.1, 7.75],
			"to": [13.125, 8.35, 8.25],
			"rotation": {"angle": 22.5, "axis": "z", "origin": [10.125, 8.75, 7.5]},
			"faces": {
				"north": {"uv": [14.125, 0.75, 15.625, 0.875], "texture": "#5"},
				"east": {"uv": [14.125, 10.25, 14.375, 10.375], "texture": "#5"},
				"south": {"uv": [14.125, 1.25, 15.625, 1.375], "texture": "#5"},
				"west": {"uv": [10.625, 14.25, 10.875, 14.375], "texture": "#5"}
			}
		},
		{
			"from": [14.35613, 9.15241, 7.5],
			"to": [14.85613, 12.15241, 8.5],
			"rotation": {"angle": -22.5, "axis": "z", "origin": [16.33113, 10.75241, 8]},
			"faces": {
				"north": {"uv": [13.625, 0.25, 13.875, 1.75], "texture": "#5"},
				"east": {"uv": [2.125, 11.25, 2.625, 12.75], "texture": "#5"},
				"south": {"uv": [1.625, 13.75, 1.875, 15.25], "texture": "#5"},
				"west": {"uv": [2.625, 11.25, 3.125, 12.75], "texture": "#5"}
			}
		},
		{
			"from": [14.10613, 9.15241, 7.75],
			"to": [14.35613, 12.15241, 8.25],
			"rotation": {"angle": -22.5, "axis": "z", "origin": [16.33113, 10.75241, 8]},
			"faces": {
				"north": {"uv": [14.125, 1.75, 14.25, 3.25], "texture": "#5"},
				"south": {"uv": [2.625, 14.25, 2.75, 15.75], "texture": "#5"},
				"up": {"uv": [14.25, 11, 14.125, 10.75], "texture": "#5"},
				"down": {"uv": [11.25, 14.25, 11.125, 14.5], "texture": "#5"}
			}
		},
		{
			"from": [13.60613, 9.15241, 7.5],
			"to": [14.10613, 12.15241, 8.5],
			"rotation": {"angle": -22.5, "axis": "z", "origin": [16.33113, 10.75241, 8]},
			"faces": {
				"north": {"uv": [7.625, 13.25, 7.875, 14.75], "texture": "#5"},
				"east": {"uv": [10.625, 10.25, 11.125, 11.75], "texture": "#5"},
				"south": {"uv": [13.125, 12.25, 13.375, 13.75], "texture": "#5"},
				"west": {"uv": [1.625, 11.25, 2.125, 12.75], "texture": "#5"}
			}
		},
		{
			"from": [12.45129, 9.03786, 7.4],
			"to": [13.95129, 10.53786, 8.6],
			"rotation": {"angle": 45, "axis": "z", "origin": [13.22629, 10.01286, 8]},
			"faces": {
				"north": {"uv": [8.125, 11.75, 8.875, 12.5], "texture": "#5"},
				"east": {"uv": [7.125, 12.25, 7.75, 13], "texture": "#5"},
				"south": {"uv": [9.125, 11.75, 9.875, 12.5], "texture": "#5"},
				"west": {"uv": [12.125, 7.25, 12.75, 8], "texture": "#5"},
				"up": {"uv": [12.875, 8.875, 12.125, 8.25], "texture": "#5"},
				"down": {"uv": [12.875, 9.25, 12.125, 9.875], "texture": "#5"}
			}
		},
		{
			"from": [12.60129, 9.18786, 7.2],
			"to": [13.80129, 10.38786, 8.8],
			"rotation": {"angle": 45, "axis": "z", "origin": [13.22629, 10.01286, 8]},
			"faces": {
				"north": {"uv": [3.625, 13.25, 4.25, 13.875], "texture": "#5"},
				"east": {"uv": [12.125, 11.75, 12.875, 12.375], "texture": "#5"},
				"south": {"uv": [4.625, 13.25, 5.25, 13.875], "texture": "#5"},
				"west": {"uv": [12.625, 0.25, 13.375, 0.875], "texture": "#5"},
				"up": {"uv": [13.25, 2, 12.625, 1.25], "texture": "#5"},
				"down": {"uv": [2.25, 12.75, 1.625, 13.5], "texture": "#5"}
			}
		},
		{
			"from": [14.21225, 12.69484, 7.2],
			"to": [15.41225, 13.89484, 8.8],
			"rotation": {"angle": 0, "axis": "z", "origin": [15.31225, 13.19484, 8]},
			"faces": {
				"north": {"uv": [5.625, 13.25, 6.25, 13.875], "texture": "#5"},
				"east": {"uv": [12.625, 6.25, 13.375, 6.875], "texture": "#5"},
				"south": {"uv": [6.625, 13.25, 7.25, 13.875], "texture": "#5"},
				"west": {"uv": [8.125, 12.75, 8.875, 13.375], "texture": "#5"},
				"up": {"uv": [9.75, 13.5, 9.125, 12.75], "texture": "#5"},
				"down": {"uv": [10.75, 12.75, 10.125, 13.5], "texture": "#5"}
			}
		},
		{
			"from": [14.06225, 12.54484, 7.4],
			"to": [15.56225, 14.04484, 8.6],
			"rotation": {"angle": 0, "axis": "z", "origin": [15.31225, 13.19484, 8]},
			"faces": {
				"north": {"uv": [10.125, 11.75, 10.875, 12.5], "texture": "#5"},
				"east": {"uv": [12.625, 2.25, 13.25, 3], "texture": "#5"},
				"south": {"uv": [11.125, 11.75, 11.875, 12.5], "texture": "#5"},
				"west": {"uv": [12.625, 3.25, 13.25, 4], "texture": "#5"},
				"up": {"uv": [13.375, 4.875, 12.625, 4.25], "texture": "#5"},
				"down": {"uv": [13.375, 5.25, 12.625, 5.875], "texture": "#5"}
			}
		},
		{
			"from": [9.93604, 9.07737, 7.85],
			"to": [10.73604, 12.07737, 8.15],
			"rotation": {"angle": -22.5, "axis": "z", "origin": [9.83604, 10.07737, 8]},
			"faces": {
				"north": {"uv": [12.125, 0.25, 12.5, 1.75], "texture": "#5"},
				"east": {"uv": [3.125, 14.25, 3.25, 15.75], "texture": "#5"},
				"south": {"uv": [12.125, 1.75, 12.5, 3.25], "texture": "#5"},
				"west": {"uv": [14.125, 3.25, 14.25, 4.75], "texture": "#5"},
				"up": {"uv": [14.5, 8.375, 14.125, 8.25], "texture": "#5"},
				"down": {"uv": [14.5, 8.75, 14.125, 8.875], "texture": "#5"}
			}
		},
		{
			"from": [10.69379, 11.08686, 7.8505],
			"to": [13.94379, 11.88686, 8.1495],
			"rotation": {"angle": 0, "axis": "z", "origin": [12.19379, 11.48686, 8.0005]},
			"faces": {
				"north": {"uv": [4.125, 11.75, 5.75, 12.125], "texture": "#5"},
				"east": {"uv": [9.625, 14.25, 9.75, 14.625], "texture": "#5"},
				"south": {"uv": [6.125, 11.75, 7.75, 12.125], "texture": "#5"},
				"west": {"uv": [10.125, 14.25, 10.25, 14.625], "texture": "#5"},
				"up": {"uv": [14.25, 13.875, 12.625, 13.75], "texture": "#5"},
				"down": {"uv": [15.25, 12.75, 13.625, 12.875], "texture": "#5"}
			}
		},
		{
			"from": [19.125, 5.9, 7.5],
			"to": [21.875, 6.9, 8.5],
			"rotation": {"angle": 22.5, "axis": "z", "origin": [0.125, -0.1, 7.5]},
			"faces": {
				"north": {"uv": [3.125, 11.25, 4.5, 11.75], "texture": "#5"},
				"east": {"uv": [13.625, 6.75, 14.125, 7.25], "texture": "#5"},
				"south": {"uv": [4.625, 11.25, 6, 11.75], "texture": "#5"},
				"up": {"uv": [7.5, 11.75, 6.125, 11.25], "texture": "#5"},
				"down": {"uv": [9, 11.25, 7.625, 11.75], "texture": "#5"}
			}
		},
		{
			"from": [17.157, 14.60247, 7.56],
			"to": [19.577, 15.48247, 8.44],
			"rotation": {"angle": 45, "axis": "z", "origin": [18.542, 15.09247, 8]},
			"faces": {
				"north": {"uv": [9.125, 11.25, 10.375, 11.75], "texture": "#5"},
				"east": {"uv": [9.625, 13.75, 10.125, 14.25], "texture": "#5"},
				"south": {"uv": [11.125, 10.25, 12.375, 10.75], "texture": "#5"},
				"up": {"uv": [12.375, 11.25, 11.125, 10.75], "texture": "#5"},
				"down": {"uv": [12.375, 11.25, 11.125, 11.75], "texture": "#5"}
			}
		},
		{
			"from": [19.26187, 15.36498, 7.62763],
			"to": [20.00662, 17.41303, 8.37237],
			"rotation": {"angle": -22.5, "axis": "z", "origin": [20.00924, 16.489, 8]},
			"faces": {
				"north": {"uv": [13.625, 1.75, 14, 2.75], "texture": "#5"},
				"east": {"uv": [2.125, 13.75, 2.5, 14.75], "texture": "#5"},
				"south": {"uv": [13.625, 2.75, 14, 3.75], "texture": "#5"},
				"west": {"uv": [13.625, 3.75, 14, 4.75], "texture": "#5"},
				"up": {"uv": [4, 14.625, 3.625, 14.25], "texture": "#5"}
			}
		},
		{
			"from": [8.5, 0, 7.985],
			"to": [32, 20, 8.015],
			"rotation": {"angle": 0, "axis": "y", "origin": [0, 0, 7.985]},
			"faces": {
				"north": {"uv": [0, 0, 11.75, 10], "texture": "#5"},
				"south": {"uv": [11.75, 0, 0, 10], "texture": "#5"}
			}
		},
		{
			"from": [12.49796, 9.85203, 6.60288],
			"to": [13.49796, 10.85203, 8.60288],
			"rotation": {"angle": 22.5, "axis": "x", "origin": [13, 10.85, 10.75288]},
			"faces": {
				"north": {"uv": [10.625, 14.25, 10.125, 13.75], "rotation": 90, "texture": "#5"},
				"east": {"uv": [12.125, 6.25, 12.625, 7.25], "rotation": 90, "texture": "#5"},
				"south": {"uv": [14.125, 10.25, 13.625, 10.75], "rotation": 90, "texture": "#5"},
				"west": {"uv": [5.625, 12.25, 6.125, 13.25], "rotation": 270, "texture": "#5"},
				"up": {"uv": [6.625, 12.25, 7.125, 13.25], "texture": "#5"},
				"down": {"uv": [6.125, 12.25, 6.625, 13.25], "rotation": 180, "texture": "#5"}
			}
		},
		{
			"from": [12.49796, 9.85203, 8.85288],
			"to": [13.49796, 10.85203, 9.85288],
			"rotation": {"angle": 22.5, "axis": "x", "origin": [13, 10.85, 10.75288]},
			"faces": {
				"north": {"uv": [12.625, 14.25, 12.125, 13.75], "rotation": 90, "texture": "#5"},
				"east": {"uv": [11.125, 13.75, 11.625, 14.25], "rotation": 90, "texture": "#5"},
				"south": {"uv": [14.125, 12.25, 13.625, 12.75], "rotation": 90, "texture": "#5"},
				"west": {"uv": [10.625, 13.75, 11.125, 14.25], "rotation": 270, "texture": "#5"},
				"up": {"uv": [11.625, 13.75, 12.125, 14.25], "texture": "#5"},
				"down": {"uv": [13.625, 10.75, 14.125, 11.25], "rotation": 180, "texture": "#5"}
			}
		},
		{
			"from": [12.34796, 9.70203, 9.85288],
			"to": [13.64796, 11.00203, 11.40288],
			"rotation": {"angle": 22.5, "axis": "x", "origin": [13, 10.85, 10.75288]},
			"faces": {
				"north": {"uv": [13.75, 7.875, 13.125, 7.25], "rotation": 90, "texture": "#5"},
				"east": {"uv": [12.125, 12.75, 12.75, 13.5], "rotation": 90, "texture": "#5"},
				"south": {"uv": [13.75, 8.25, 13.125, 8.875], "rotation": 90, "texture": "#5"},
				"west": {"uv": [12.625, 10.25, 13.25, 11], "rotation": 270, "texture": "#5"},
				"up": {"uv": [2.625, 13.25, 3.25, 14], "texture": "#5"},
				"down": {"uv": [11.125, 12.75, 11.75, 13.5], "rotation": 180, "texture": "#5"}
			}
		},
		{
			"from": [12.74796, 10.10203, 6.35288],
			"to": [13.24796, 11.10203, 8.85288],
			"rotation": {"angle": 22.5, "axis": "x", "origin": [13, 10.85, 10.75288]},
			"faces": {
				"north": {"uv": [14.625, 6.5, 14.125, 6.25], "rotation": 90, "texture": "#5"},
				"east": {"uv": [3.625, 11.75, 4.125, 13], "rotation": 90, "texture": "#5"},
				"south": {"uv": [7.125, 14.25, 6.625, 14.5], "rotation": 90, "texture": "#5"},
				"west": {"uv": [3.125, 11.75, 3.625, 13], "rotation": 270, "texture": "#5"},
				"up": {"uv": [8.125, 13.75, 8.375, 15], "texture": "#5"},
				"down": {"uv": [13.625, 4.75, 13.875, 6], "rotation": 180, "texture": "#5"}
			}
		},
		{
			"from": [12.98296, 10.10203, 2.60288],
			"to": [13.01296, 12.60203, 11.60288],
			"rotation": {"angle": 22.5, "axis": "x", "origin": [13, 10.85, 10.75288]},
			"faces": {
				"east": {"uv": [0.125, 14.75, 1.375, 10.25], "rotation": 270, "texture": "#5"},
				"west": {"uv": [0.125, 10.25, 1.375, 14.75], "rotation": 270, "texture": "#5"}
			}
		},
		{
			"from": [13.00204, 9.34797, 11.40288],
			"to": [13.00204, 11.34797, 17.40288],
			"rotation": {"angle": 22.5, "axis": "x", "origin": [13, 10.85, 10.75288]},
			"faces": {
				"east": {"uv": [0, 0, 4, 12], "rotation": 90, "texture": "#2"},
				"west": {"uv": [4, 0, 0, 12], "rotation": 270, "texture": "#2"}
			}
		},
		{
			"from": [12.00204, 10.34797, 11.40288],
			"to": [14.00204, 10.34797, 17.40288],
			"rotation": {"angle": 22.5, "axis": "x", "origin": [13, 10.85, 10.75288]},
			"faces": {
				"up": {"uv": [0, 0, 4, 12], "texture": "#2"},
				"down": {"uv": [4, 0, 0, 12], "rotation": 180, "texture": "#2"}
			}
		},
		{
			"from": [5.375, 7, 7.25],
			"to": [7.375, 9, 8.75],
			"rotation": {"angle": 22.5, "axis": "z", "origin": [6.375, 8, 8]},
			"faces": {
				"north": {"uv": [2.625, 10.25, 1.625, 11.25], "texture": "#5"},
				"east": {"uv": [5.375, 10.25, 4.625, 11.25], "texture": "#5"},
				"south": {"uv": [3.625, 10.25, 2.625, 11.25], "texture": "#5"},
				"west": {"uv": [4.375, 10.25, 3.625, 11.25], "texture": "#5"},
				"up": {"uv": [5.625, 11, 6.625, 10.25], "texture": "#5"},
				"down": {"uv": [6.625, 10.25, 7.625, 11], "texture": "#5"}
			}
		},
		{
			"from": [4.49232, 4.96299, 7.5],
			"to": [5.49232, 6.96299, 8.5],
			"rotation": {"angle": -22.5, "axis": "z", "origin": [5.99232, 4.46299, 7.5]},
			"faces": {
				"north": {"uv": [12.625, 3.25, 12.125, 4.25], "texture": "#5"},
				"east": {"uv": [5.125, 12.25, 4.625, 13.25], "texture": "#5"},
				"south": {"uv": [12.625, 4.25, 12.125, 5.25], "texture": "#5"},
				"west": {"uv": [4.625, 12.25, 4.125, 13.25], "texture": "#5"},
				"up": {"uv": [2.625, 13.25, 3.125, 12.75], "texture": "#5"},
				"down": {"uv": [13.625, 6.25, 14.125, 6.75], "texture": "#5"}
			}
		},
		{
			"from": [4.49232, 2.96299, 7.5],
			"to": [4.99232, 4.96299, 8.5],
			"rotation": {"angle": -22.5, "axis": "z", "origin": [5.99232, 4.46299, 7.5]},
			"faces": {
				"north": {"uv": [8.875, 13.75, 8.625, 14.75], "texture": "#5"},
				"east": {"uv": [12.625, 5.25, 12.125, 6.25], "texture": "#5"},
				"south": {"uv": [9.375, 13.75, 9.125, 14.75], "texture": "#5"},
				"west": {"uv": [5.625, 12.25, 5.125, 13.25], "texture": "#5"},
				"up": {"uv": [4.125, 14.75, 4.375, 14.25], "texture": "#5"},
				"down": {"uv": [4.625, 14.25, 4.875, 14.75], "texture": "#5"}
			}
		},
		{
			"from": [4.92008, 5.00158, 7.5035],
			"to": [5.64508, 5.37658, 8.4965],
			"rotation": {"angle": 22.5, "axis": "z", "origin": [5.39508, 5.25158, 8.0035]},
			"faces": {
				"north": {"uv": [14.5, 6.75, 14.125, 7], "texture": "#5"},
				"east": {"uv": [5.625, 14.25, 5.125, 14.5], "texture": "#5"},
				"south": {"uv": [7.5, 14.25, 7.125, 14.5], "texture": "#5"},
				"west": {"uv": [14.625, 4.75, 14.125, 5], "texture": "#5"},
				"up": {"uv": [13.625, 13.75, 14, 13.25], "texture": "#5"},
				"down": {"uv": [14.125, 0.25, 14.5, 0.75], "texture": "#5"}
			}
		},
		{
			"from": [4.10911, 3.2659, 7.5],
			"to": [4.60911, 3.7659, 8.5],
			"rotation": {"angle": 22.5, "axis": "z", "origin": [4.35911, 3.5159, 8]},
			"faces": {
				"north": {"uv": [14.375, 7.25, 14.125, 7.5], "texture": "#5"},
				"east": {"uv": [6.125, 14.25, 5.625, 14.5], "texture": "#5"},
				"south": {"uv": [14.375, 7.75, 14.125, 8], "texture": "#5"},
				"west": {"uv": [14.625, 5.25, 14.125, 5.5], "texture": "#5"},
				"up": {"uv": [14.125, 6.25, 14.375, 5.75], "texture": "#5"},
				"down": {"uv": [6.125, 14.25, 6.375, 14.75], "texture": "#5"}
			}
		},
		{
			"from": [2.875, 7.6, 7.5],
			"to": [5.875, 8.1, 8.5],
			"rotation": {"angle": -22.5, "axis": "z", "origin": [5.875, 8.75, 7.5]},
			"faces": {
				"north": {"uv": [14.125, 11.25, 12.625, 11.5], "texture": "#5"},
				"south": {"uv": [14.625, 9.25, 13.125, 9.5], "texture": "#5"},
				"up": {"uv": [7.625, 10.75, 9.125, 10.25], "texture": "#5"},
				"down": {"uv": [9.125, 10.25, 10.625, 10.75], "texture": "#5"}
			}
		},
		{
			"from": [2.04871, 9.03786, 7.4],
			"to": [3.54871, 10.53786, 8.6],
			"rotation": {"angle": -45, "axis": "z", "origin": [2.77371, 10.01286, 8]},
			"faces": {
				"north": {"uv": [8.875, 11.75, 8.125, 12.5], "texture": "#5"},
				"east": {"uv": [12.75, 7.25, 12.125, 8], "texture": "#5"},
				"south": {"uv": [9.875, 11.75, 9.125, 12.5], "texture": "#5"},
				"west": {"uv": [7.75, 12.25, 7.125, 13], "texture": "#5"},
				"up": {"uv": [12.125, 8.875, 12.875, 8.25], "texture": "#5"},
				"down": {"uv": [12.125, 9.25, 12.875, 9.875], "texture": "#5"}
			}
		},
		{
			"from": [2.875, 8.1, 7.75],
			"to": [5.875, 8.35, 8.25],
			"rotation": {"angle": -22.5, "axis": "z", "origin": [5.875, 8.75, 7.5]},
			"faces": {
				"north": {"uv": [15.625, 0.75, 14.125, 0.875], "texture": "#5"},
				"east": {"uv": [10.875, 14.25, 10.625, 14.375], "texture": "#5"},
				"south": {"uv": [15.625, 1.25, 14.125, 1.375], "texture": "#5"},
				"west": {"uv": [14.375, 10.25, 14.125, 10.375], "texture": "#5"}
			}
		},
		{
			"from": [2.875, 8.35, 7.5],
			"to": [5.875, 8.85, 8.5],
			"rotation": {"angle": -22.5, "axis": "z", "origin": [5.875, 8.75, 7.5]},
			"faces": {
				"north": {"uv": [14.625, 9.75, 13.125, 10], "texture": "#5"},
				"south": {"uv": [14.625, 11.75, 13.125, 12], "texture": "#5"},
				"up": {"uv": [7.625, 11.25, 9.125, 10.75], "texture": "#5"},
				"down": {"uv": [9.125, 10.75, 10.625, 11.25], "texture": "#5"}
			}
		},
		{
			"from": [2.19871, 9.18786, 7.2],
			"to": [3.39871, 10.38786, 8.8],
			"rotation": {"angle": -45, "axis": "z", "origin": [2.77371, 10.01286, 8]},
			"faces": {
				"north": {"uv": [4.25, 13.25, 3.625, 13.875], "texture": "#5"},
				"east": {"uv": [13.375, 0.25, 12.625, 0.875], "texture": "#5"},
				"south": {"uv": [5.25, 13.25, 4.625, 13.875], "texture": "#5"},
				"west": {"uv": [12.875, 11.75, 12.125, 12.375], "texture": "#5"},
				"up": {"uv": [12.625, 2, 13.25, 1.25], "texture": "#5"},
				"down": {"uv": [1.625, 12.75, 2.25, 13.5], "texture": "#5"}
			}
		},
		{
			"from": [1.89387, 9.15241, 7.5],
			"to": [2.39387, 12.15241, 8.5],
			"rotation": {"angle": 22.5, "axis": "z", "origin": [-0.33113, 10.75241, 8]},
			"faces": {
				"north": {"uv": [7.875, 13.25, 7.625, 14.75], "texture": "#5"},
				"east": {"uv": [2.125, 11.25, 1.625, 12.75], "texture": "#5"},
				"south": {"uv": [13.375, 12.25, 13.125, 13.75], "texture": "#5"},
				"west": {"uv": [11.125, 10.25, 10.625, 11.75], "texture": "#5"}
			}
		},
		{
			"from": [1.64387, 9.15241, 7.75],
			"to": [1.89387, 12.15241, 8.25],
			"rotation": {"angle": 22.5, "axis": "z", "origin": [-0.33113, 10.75241, 8]},
			"faces": {
				"north": {"uv": [14.25, 1.75, 14.125, 3.25], "texture": "#5"},
				"south": {"uv": [2.75, 14.25, 2.625, 15.75], "texture": "#5"},
				"up": {"uv": [14.125, 11, 14.25, 10.75], "texture": "#5"},
				"down": {"uv": [11.125, 14.25, 11.25, 14.5], "texture": "#5"}
			}
		},
		{
			"from": [1.14387, 9.15241, 7.5],
			"to": [1.64387, 12.15241, 8.5],
			"rotation": {"angle": 22.5, "axis": "z", "origin": [-0.33113, 10.75241, 8]},
			"faces": {
				"north": {"uv": [13.875, 0.25, 13.625, 1.75], "texture": "#5"},
				"east": {"uv": [3.125, 11.25, 2.625, 12.75], "texture": "#5"},
				"south": {"uv": [1.875, 13.75, 1.625, 15.25], "texture": "#5"},
				"west": {"uv": [2.625, 11.25, 2.125, 12.75], "texture": "#5"}
			}
		},
		{
			"from": [0.43775, 12.54484, 7.4],
			"to": [1.93775, 14.04484, 8.6],
			"rotation": {"angle": 0, "axis": "z", "origin": [0.68775, 13.19484, 8]},
			"faces": {
				"north": {"uv": [10.875, 11.75, 10.125, 12.5], "texture": "#5"},
				"east": {"uv": [13.25, 3.25, 12.625, 4], "texture": "#5"},
				"south": {"uv": [11.875, 11.75, 11.125, 12.5], "texture": "#5"},
				"west": {"uv": [13.25, 2.25, 12.625, 3], "texture": "#5"},
				"up": {"uv": [12.625, 4.875, 13.375, 4.25], "texture": "#5"},
				"down": {"uv": [12.625, 5.25, 13.375, 5.875], "texture": "#5"}
			}
		},
		{
			"from": [0.58775, 12.69484, 7.2],
			"to": [1.78775, 13.89484, 8.8],
			"rotation": {"angle": 0, "axis": "z", "origin": [0.68775, 13.19484, 8]},
			"faces": {
				"north": {"uv": [6.25, 13.25, 5.625, 13.875], "texture": "#5"},
				"east": {"uv": [8.875, 12.75, 8.125, 13.375], "texture": "#5"},
				"south": {"uv": [7.25, 13.25, 6.625, 13.875], "texture": "#5"},
				"west": {"uv": [13.375, 6.25, 12.625, 6.875], "texture": "#5"},
				"up": {"uv": [9.125, 13.5, 9.75, 12.75], "texture": "#5"},
				"down": {"uv": [10.125, 12.75, 10.75, 13.5], "texture": "#5"}
			}
		},
		{
			"from": [5.26396, 9.07737, 7.85],
			"to": [6.06396, 12.07737, 8.15],
			"rotation": {"angle": 22.5, "axis": "z", "origin": [6.16396, 10.07737, 8]},
			"faces": {
				"north": {"uv": [12.5, 0.25, 12.125, 1.75], "texture": "#5"},
				"east": {"uv": [14.25, 3.25, 14.125, 4.75], "texture": "#5"},
				"south": {"uv": [12.5, 1.75, 12.125, 3.25], "texture": "#5"},
				"west": {"uv": [3.25, 14.25, 3.125, 15.75], "texture": "#5"},
				"up": {"uv": [14.125, 8.375, 14.5, 8.25], "texture": "#5"},
				"down": {"uv": [14.125, 8.75, 14.5, 8.875], "texture": "#5"}
			}
		},
		{
			"from": [2.05621, 11.08686, 7.8505],
			"to": [5.30621, 11.88686, 8.1495],
			"rotation": {"angle": 0, "axis": "z", "origin": [3.80621, 11.48686, 8.0005]},
			"faces": {
				"north": {"uv": [5.75, 11.75, 4.125, 12.125], "texture": "#5"},
				"east": {"uv": [10.25, 14.25, 10.125, 14.625], "texture": "#5"},
				"south": {"uv": [7.75, 11.75, 6.125, 12.125], "texture": "#5"},
				"west": {"uv": [9.75, 14.25, 9.625, 14.625], "texture": "#5"},
				"up": {"uv": [12.625, 13.875, 14.25, 13.75], "texture": "#5"},
				"down": {"uv": [13.625, 12.75, 15.25, 12.875], "texture": "#5"}
			}
		},
		{
			"from": [-5.875, 5.9, 7.5],
			"to": [-3.125, 6.9, 8.5],
			"rotation": {"angle": -22.5, "axis": "z", "origin": [15.875, -0.1, 7.5]},
			"faces": {
				"north": {"uv": [4.5, 11.25, 3.125, 11.75], "texture": "#5"},
				"south": {"uv": [6, 11.25, 4.625, 11.75], "texture": "#5"},
				"west": {"uv": [14.125, 6.75, 13.625, 7.25], "texture": "#5"},
				"up": {"uv": [6.125, 11.75, 7.5, 11.25], "texture": "#5"},
				"down": {"uv": [7.625, 11.25, 9, 11.75], "texture": "#5"}
			}
		},
		{
			"from": [-3.577, 14.60247, 7.56],
			"to": [-1.157, 15.48247, 8.44],
			"rotation": {"angle": -45, "axis": "z", "origin": [-2.542, 15.09247, 8]},
			"faces": {
				"north": {"uv": [10.375, 11.25, 9.125, 11.75], "texture": "#5"},
				"south": {"uv": [12.375, 10.25, 11.125, 10.75], "texture": "#5"},
				"west": {"uv": [10.125, 13.75, 9.625, 14.25], "texture": "#5"},
				"up": {"uv": [11.125, 11.25, 12.375, 10.75], "texture": "#5"},
				"down": {"uv": [11.125, 11.25, 12.375, 11.75], "texture": "#5"}
			}
		},
		{
			"from": [-4.00662, 15.36498, 7.62763],
			"to": [-3.26187, 17.41303, 8.37237],
			"rotation": {"angle": 22.5, "axis": "z", "origin": [-4.00924, 16.489, 8]},
			"faces": {
				"north": {"uv": [14, 1.75, 13.625, 2.75], "texture": "#5"},
				"east": {"uv": [14, 3.75, 13.625, 4.75], "texture": "#5"},
				"south": {"uv": [14, 2.75, 13.625, 3.75], "texture": "#5"},
				"west": {"uv": [2.5, 13.75, 2.125, 14.75], "texture": "#5"},
				"up": {"uv": [3.625, 14.625, 4, 14.25], "texture": "#5"}
			}
		},
		{
			"from": [-16, 0, 7.985],
			"to": [7.5, 20, 8.015],
			"rotation": {"angle": 0, "axis": "y", "origin": [16, 0, 7.985]},
			"faces": {
				"north": {"uv": [11.75, 0, 0, 10], "texture": "#5"},
				"south": {"uv": [0, 0, 11.75, 10], "texture": "#5"}
			}
		},
		{
			"from": [2.50204, 9.85203, 6.60288],
			"to": [3.50204, 10.85203, 8.60288],
			"rotation": {"angle": 22.5, "axis": "x", "origin": [3, 10.85, 10.75288]},
			"faces": {
				"north": {"uv": [10.625, 13.75, 10.125, 14.25], "rotation": 90, "texture": "#5"},
				"east": {"uv": [5.625, 13.25, 6.125, 12.25], "rotation": 270, "texture": "#5"},
				"south": {"uv": [14.125, 10.75, 13.625, 10.25], "rotation": 90, "texture": "#5"},
				"west": {"uv": [12.125, 7.25, 12.625, 6.25], "rotation": 90, "texture": "#5"},
				"up": {"uv": [7.125, 12.25, 6.625, 13.25], "texture": "#5"},
				"down": {"uv": [6.625, 12.25, 6.125, 13.25], "rotation": 180, "texture": "#5"}
			}
		},
		{
			"from": [2.50204, 9.85203, 8.85288],
			"to": [3.50204, 10.85203, 9.85288],
			"rotation": {"angle": 22.5, "axis": "x", "origin": [3, 10.85, 10.75288]},
			"faces": {
				"north": {"uv": [12.625, 13.75, 12.125, 14.25], "rotation": 90, "texture": "#5"},
				"east": {"uv": [10.625, 14.25, 11.125, 13.75], "rotation": 270, "texture": "#5"},
				"south": {"uv": [14.125, 12.75, 13.625, 12.25], "rotation": 90, "texture": "#5"},
				"west": {"uv": [11.125, 14.25, 11.625, 13.75], "rotation": 90, "texture": "#5"},
				"up": {"uv": [12.125, 13.75, 11.625, 14.25], "texture": "#5"},
				"down": {"uv": [14.125, 10.75, 13.625, 11.25], "rotation": 180, "texture": "#5"}
			}
		},
		{
			"from": [2.35204, 9.70203, 9.85288],
			"to": [3.65204, 11.00203, 11.40288],
			"rotation": {"angle": 22.5, "axis": "x", "origin": [3, 10.85, 10.75288]},
			"faces": {
				"north": {"uv": [13.75, 7.25, 13.125, 7.875], "rotation": 90, "texture": "#5"},
				"east": {"uv": [12.625, 11, 13.25, 10.25], "rotation": 270, "texture": "#5"},
				"south": {"uv": [13.75, 8.875, 13.125, 8.25], "rotation": 90, "texture": "#5"},
				"west": {"uv": [12.125, 13.5, 12.75, 12.75], "rotation": 90, "texture": "#5"},
				"up": {"uv": [3.25, 13.25, 2.625, 14], "texture": "#5"},
				"down": {"uv": [11.75, 12.75, 11.125, 13.5], "rotation": 180, "texture": "#5"}
			}
		},
		{
			"from": [2.75204, 10.10203, 6.35288],
			"to": [3.25204, 11.10203, 8.85288],
			"rotation": {"angle": 22.5, "axis": "x", "origin": [3, 10.85, 10.75288]},
			"faces": {
				"north": {"uv": [14.625, 6.25, 14.125, 6.5], "rotation": 90, "texture": "#5"},
				"east": {"uv": [3.125, 13, 3.625, 11.75], "rotation": 270, "texture": "#5"},
				"south": {"uv": [7.125, 14.5, 6.625, 14.25], "rotation": 90, "texture": "#5"},
				"west": {"uv": [3.625, 13, 4.125, 11.75], "rotation": 90, "texture": "#5"},
				"up": {"uv": [8.375, 13.75, 8.125, 15], "texture": "#5"},
				"down": {"uv": [13.875, 4.75, 13.625, 6], "rotation": 180, "texture": "#5"}
			}
		},
		{
			"from": [2.98704, 10.10203, 2.60288],
			"to": [3.01704, 12.60203, 11.60288],
			"rotation": {"angle": 22.5, "axis": "x", "origin": [3, 10.85, 10.75288]},
			"faces": {
				"east": {"uv": [0.125, 14.75, 1.375, 10.25], "rotation": 270, "texture": "#5"},
				"west": {"uv": [0.125, 10.25, 1.375, 14.75], "rotation": 270, "texture": "#5"}
			}
		},
		{
			"from": [2.99796, 9.34797, 11.40288],
			"to": [2.99796, 11.34797, 17.40288],
			"rotation": {"angle": 22.5, "axis": "x", "origin": [3, 10.85, 10.75288]},
			"faces": {
				"east": {"uv": [4, 12, 0, 0], "rotation": 270, "texture": "#2"},
				"west": {"uv": [0, 12, 4, 0], "rotation": 90, "texture": "#2"}
			}
		},
		{
			"from": [1.99796, 10.34797, 11.40288],
			"to": [3.99796, 10.34797, 17.40288],
			"rotation": {"angle": 22.5, "axis": "x", "origin": [3, 10.85, 10.75288]},
			"faces": {
				"up": {"uv": [4, 0, 0, 12], "texture": "#2"},
				"down": {"uv": [0, 0, 4, 12], "rotation": 180, "texture": "#2"}
			}
		}
	],
	"gui_light": "front",
	"display": {
		"thirdperson_righthand": {
			"rotation": [-143.75, 0, -180],
			"translation": [0, -0.25, 0.5],
			"scale": [0.57617, 0.57617, 0.57617]
		},
		"thirdperson_lefthand": {
			"rotation": [67.75, 0, 0],
			"translation": [-5.5, -7.25, 9],
			"scale": [1.26758, 1.26758, 1.26758]
		},
		"firstperson_righthand": {
			"rotation": [-10, 180, 0],
			"translation": [0, 1.25, 1.25],
			"scale": [0.47656, 0.47656, 0.47656]
		},
		"firstperson_lefthand": {
			"rotation": [-10, 180, 0],
			"translation": [0, 1.25, 1.25],
			"scale": [0, 0, 0]
		},
		"ground": {
			"rotation": [-45, 0, 0],
			"translation": [0, 7.5, 0]
		},
		"gui": {
			"rotation": [0, 180, 0],
			"translation": [0, -0.75, 0],
			"scale": [0.41992, 0.41992, 0.41992]
		},
		"head": {
			"translation": [0, -47.5, 7.5],
			"scale": [1.97656, 1.97656, 1.97656]
		},
		"fixed": {
			"rotation": [0, 180, 0],
			"translation": [0, 0, -3.5],
			"scale": [1.5, 1.5, 1.5]
		}
	}
}