{
	"credit": "Made by PolygonMC",
	"texture_size": [32, 32],
	"textures": {
		"2": "azureset:animations/animations_3",
		"5": "azureset:wings",
		"particle": "azureset:animations/animations_3"
	},
	"elements": [
		{
			"from": [8.625, -8, 7.25],
			"to": [10.625, -6, 8.75],
			"rotation": {"angle": -22.5, "axis": "z", "origin": [9.625, -7, 8]},
			"faces": {
				"north": {"uv": [1.625, 10.25, 2.625, 11.25], "texture": "#5"},
				"east": {"uv": [3.625, 10.25, 4.375, 11.25], "texture": "#5"},
				"south": {"uv": [2.625, 10.25, 3.625, 11.25], "texture": "#5"},
				"west": {"uv": [4.625, 10.25, 5.375, 11.25], "texture": "#5"},
				"up": {"uv": [6.625, 11, 5.625, 10.25], "texture": "#5"},
				"down": {"uv": [7.625, 10.25, 6.625, 11], "texture": "#5"}
			}
		},
		{
			"from": [10.50768, -10.03701, 7.5],
			"to": [11.50768, -8.03701, 8.5],
			"rotation": {"angle": 22.5, "axis": "z", "origin": [10.00768, -10.53701, 7.5]},
			"faces": {
				"north": {"uv": [12.125, 3.25, 12.625, 4.25], "texture": "#5"},
				"east": {"uv": [4.125, 12.25, 4.625, 13.25], "texture": "#5"},
				"south": {"uv": [12.125, 4.25, 12.625, 5.25], "texture": "#5"},
				"west": {"uv": [4.625, 12.25, 5.125, 13.25], "texture": "#5"},
				"up": {"uv": [3.125, 13.25, 2.625, 12.75], "texture": "#5"},
				"down": {"uv": [14.125, 6.25, 13.625, 6.75], "texture": "#5"}
			}
		},
		{
			"from": [11.00768, -12.03701, 7.5],
			"to": [11.50768, -10.03701, 8.5],
			"rotation": {"angle": 22.5, "axis": "z", "origin": [10.00768, -10.53701, 7.5]},
			"faces": {
				"north": {"uv": [8.625, 13.75, 8.875, 14.75], "texture": "#5"},
				"east": {"uv": [5.125, 12.25, 5.625, 13.25], "texture": "#5"},
				"south": {"uv": [9.125, 13.75, 9.375, 14.75], "texture": "#5"},
				"west": {"uv": [12.125, 5.25, 12.625, 6.25], "texture": "#5"},
				"up": {"uv": [4.375, 14.75, 4.125, 14.25], "texture": "#5"},
				"down": {"uv": [4.875, 14.25, 4.625, 14.75], "texture": "#5"}
			}
		},
		{
			"from": [11.39089, -11.7341, 7.5],
			"to": [11.89089, -11.2341, 8.5],
			"rotation": {"angle": -22.5, "axis": "z", "origin": [11.64089, -11.4841, 8]},
			"faces": {
				"north": {"uv": [14.125, 7.25, 14.375, 7.5], "texture": "#5"},
				"east": {"uv": [14.125, 5.25, 14.625, 5.5], "texture": "#5"},
				"south": {"uv": [14.125, 7.75, 14.375, 8], "texture": "#5"},
				"west": {"uv": [5.625, 14.25, 6.125, 14.5], "texture": "#5"},
				"up": {"uv": [14.375, 6.25, 14.125, 5.75], "texture": "#5"},
				"down": {"uv": [6.375, 14.25, 6.125, 14.75], "texture": "#5"}
			}
		},
		{
			"from": [10.35492, -9.99842, 7.5035],
			"to": [11.07992, -9.62342, 8.4965],
			"rotation": {"angle": -22.5, "axis": "z", "origin": [10.60492, -9.74842, 8.0035]},
			"faces": {
				"north": {"uv": [14.125, 6.75, 14.5, 7], "texture": "#5"},
				"east": {"uv": [14.125, 4.75, 14.625, 5], "texture": "#5"},
				"south": {"uv": [7.125, 14.25, 7.5, 14.5], "texture": "#5"},
				"west": {"uv": [5.125, 14.25, 5.625, 14.5], "texture": "#5"},
				"up": {"uv": [14, 13.75, 13.625, 13.25], "texture": "#5"},
				"down": {"uv": [14.5, 0.25, 14.125, 0.75], "texture": "#5"}
			}
		},
		{
			"from": [10.125, -7.4, 7.5],
			"to": [13.125, -6.9, 8.5],
			"rotation": {"angle": 22.5, "axis": "z", "origin": [10.125, -6.25, 7.5]},
			"faces": {
				"north": {"uv": [12.625, 11.25, 14.125, 11.5], "texture": "#5"},
				"south": {"uv": [13.125, 9.25, 14.625, 9.5], "texture": "#5"},
				"up": {"uv": [9.125, 10.75, 7.625, 10.25], "texture": "#5"},
				"down": {"uv": [10.625, 10.25, 9.125, 10.75], "texture": "#5"}
			}
		},
		{
			"from": [10.125, -6.65, 7.5],
			"to": [13.125, -6.15, 8.5],
			"rotation": {"angle": 22.5, "axis": "z", "origin": [10.125, -6.25, 7.5]},
			"faces": {
				"north": {"uv": [13.125, 9.75, 14.625, 10], "texture": "#5"},
				"south": {"uv": [13.125, 11.75, 14.625, 12], "texture": "#5"},
				"up": {"uv": [9.125, 11.25, 7.625, 10.75], "texture": "#5"},
				"down": {"uv": [10.625, 10.75, 9.125, 11.25], "texture": "#5"}
			}
		},
		{
			"from": [10.125, -6.9, 7.75],
			"to": [13.125, -6.65, 8.25],
			"rotation": {"angle": 22.5, "axis": "z", "origin": [10.125, -6.25, 7.5]},
			"faces": {
				"north": {"uv": [14.125, 0.75, 15.625, 0.875], "texture": "#5"},
				"east": {"uv": [14.125, 10.25, 14.375, 10.375], "texture": "#5"},
				"south": {"uv": [14.125, 1.25, 15.625, 1.375], "texture": "#5"},
				"west": {"uv": [10.625, 14.25, 10.875, 14.375], "texture": "#5"}
			}
		},
		{
			"from": [14.35613, -5.84759, 7.5],
			"to": [14.85613, -2.84759, 8.5],
			"rotation": {"angle": -22.5, "axis": "z", "origin": [16.33113, -4.24759, 8]},
			"faces": {
				"north": {"uv": [13.625, 0.25, 13.875, 1.75], "texture": "#5"},
				"east": {"uv": [2.125, 11.25, 2.625, 12.75], "texture": "#5"},
				"south": {"uv": [1.625, 13.75, 1.875, 15.25], "texture": "#5"},
				"west": {"uv": [2.625, 11.25, 3.125, 12.75], "texture": "#5"}
			}
		},
		{
			"from": [14.10613, -5.84759, 7.75],
			"to": [14.35613, -2.84759, 8.25],
			"rotation": {"angle": -22.5, "axis": "z", "origin": [16.33113, -4.24759, 8]},
			"faces": {
				"north": {"uv": [14.125, 1.75, 14.25, 3.25], "texture": "#5"},
				"south": {"uv": [2.625, 14.25, 2.75, 15.75], "texture": "#5"},
				"up": {"uv": [14.25, 11, 14.125, 10.75], "texture": "#5"},
				"down": {"uv": [11.25, 14.25, 11.125, 14.5], "texture": "#5"}
			}
		},
		{
			"from": [13.60613, -5.84759, 7.5],
			"to": [14.10613, -2.84759, 8.5],
			"rotation": {"angle": -22.5, "axis": "z", "origin": [16.33113, -4.24759, 8]},
			"faces": {
				"north": {"uv": [7.625, 13.25, 7.875, 14.75], "texture": "#5"},
				"east": {"uv": [10.625, 10.25, 11.125, 11.75], "texture": "#5"},
				"south": {"uv": [13.125, 12.25, 13.375, 13.75], "texture": "#5"},
				"west": {"uv": [1.625, 11.25, 2.125, 12.75], "texture": "#5"}
			}
		},
		{
			"from": [12.45129, -5.96214, 7.4],
			"to": [13.95129, -4.46214, 8.6],
			"rotation": {"angle": 45, "axis": "z", "origin": [13.22629, -4.98714, 8]},
			"faces": {
				"north": {"uv": [8.125, 11.75, 8.875, 12.5], "texture": "#5"},
				"east": {"uv": [7.125, 12.25, 7.75, 13], "texture": "#5"},
				"south": {"uv": [9.125, 11.75, 9.875, 12.5], "texture": "#5"},
				"west": {"uv": [12.125, 7.25, 12.75, 8], "texture": "#5"},
				"up": {"uv": [12.875, 8.875, 12.125, 8.25], "texture": "#5"},
				"down": {"uv": [12.875, 9.25, 12.125, 9.875], "texture": "#5"}
			}
		},
		{
			"from": [12.60129, -5.81214, 7.2],
			"to": [13.80129, -4.61214, 8.8],
			"rotation": {"angle": 45, "axis": "z", "origin": [13.22629, -4.98714, 8]},
			"faces": {
				"north": {"uv": [3.625, 13.25, 4.25, 13.875], "texture": "#5"},
				"east": {"uv": [12.125, 11.75, 12.875, 12.375], "texture": "#5"},
				"south": {"uv": [4.625, 13.25, 5.25, 13.875], "texture": "#5"},
				"west": {"uv": [12.625, 0.25, 13.375, 0.875], "texture": "#5"},
				"up": {"uv": [13.25, 2, 12.625, 1.25], "texture": "#5"},
				"down": {"uv": [2.25, 12.75, 1.625, 13.5], "texture": "#5"}
			}
		},
		{
			"from": [14.21225, -2.30516, 7.2],
			"to": [15.41225, -1.10516, 8.8],
			"rotation": {"angle": 0, "axis": "z", "origin": [15.31225, -1.80516, 8]},
			"faces": {
				"north": {"uv": [5.625, 13.25, 6.25, 13.875], "texture": "#5"},
				"east": {"uv": [12.625, 6.25, 13.375, 6.875], "texture": "#5"},
				"south": {"uv": [6.625, 13.25, 7.25, 13.875], "texture": "#5"},
				"west": {"uv": [8.125, 12.75, 8.875, 13.375], "texture": "#5"},
				"up": {"uv": [9.75, 13.5, 9.125, 12.75], "texture": "#5"},
				"down": {"uv": [10.75, 12.75, 10.125, 13.5], "texture": "#5"}
			}
		},
		{
			"from": [14.06225, -2.45516, 7.4],
			"to": [15.56225, -0.95516, 8.6],
			"rotation": {"angle": 0, "axis": "z", "origin": [15.31225, -1.80516, 8]},
			"faces": {
				"north": {"uv": [10.125, 11.75, 10.875, 12.5], "texture": "#5"},
				"east": {"uv": [12.625, 2.25, 13.25, 3], "texture": "#5"},
				"south": {"uv": [11.125, 11.75, 11.875, 12.5], "texture": "#5"},
				"west": {"uv": [12.625, 3.25, 13.25, 4], "texture": "#5"},
				"up": {"uv": [13.375, 4.875, 12.625, 4.25], "texture": "#5"},
				"down": {"uv": [13.375, 5.25, 12.625, 5.875], "texture": "#5"}
			}
		},
		{
			"from": [9.93604, -5.92263, 7.85],
			"to": [10.73604, -2.92263, 8.15],
			"rotation": {"angle": -22.5, "axis": "z", "origin": [9.83604, -4.92263, 8]},
			"faces": {
				"north": {"uv": [12.125, 0.25, 12.5, 1.75], "texture": "#5"},
				"east": {"uv": [3.125, 14.25, 3.25, 15.75], "texture": "#5"},
				"south": {"uv": [12.125, 1.75, 12.5, 3.25], "texture": "#5"},
				"west": {"uv": [14.125, 3.25, 14.25, 4.75], "texture": "#5"},
				"up": {"uv": [14.5, 8.375, 14.125, 8.25], "texture": "#5"},
				"down": {"uv": [14.5, 8.75, 14.125, 8.875], "texture": "#5"}
			}
		},
		{
			"from": [10.69379, -3.91314, 7.8505],
			"to": [13.94379, -3.11314, 8.1495],
			"rotation": {"angle": 0, "axis": "z", "origin": [12.19379, -3.51314, 8.0005]},
			"faces": {
				"north": {"uv": [4.125, 11.75, 5.75, 12.125], "texture": "#5"},
				"east": {"uv": [9.625, 14.25, 9.75, 14.625], "texture": "#5"},
				"south": {"uv": [6.125, 11.75, 7.75, 12.125], "texture": "#5"},
				"west": {"uv": [10.125, 14.25, 10.25, 14.625], "texture": "#5"},
				"up": {"uv": [14.25, 13.875, 12.625, 13.75], "texture": "#5"},
				"down": {"uv": [15.25, 12.75, 13.625, 12.875], "texture": "#5"}
			}
		},
		{
			"from": [19.125, -9.1, 7.5],
			"to": [21.875, -8.1, 8.5],
			"rotation": {"angle": 22.5, "axis": "z", "origin": [0.125, -15.1, 7.5]},
			"faces": {
				"north": {"uv": [3.125, 11.25, 4.5, 11.75], "texture": "#5"},
				"east": {"uv": [13.625, 6.75, 14.125, 7.25], "texture": "#5"},
				"south": {"uv": [4.625, 11.25, 6, 11.75], "texture": "#5"},
				"up": {"uv": [7.5, 11.75, 6.125, 11.25], "texture": "#5"},
				"down": {"uv": [9, 11.25, 7.625, 11.75], "texture": "#5"}
			}
		},
		{
			"from": [17.157, -0.39753, 7.56],
			"to": [19.577, 0.48247, 8.44],
			"rotation": {"angle": 45, "axis": "z", "origin": [18.542, 0.09247, 8]},
			"faces": {
				"north": {"uv": [9.125, 11.25, 10.375, 11.75], "texture": "#5"},
				"east": {"uv": [9.625, 13.75, 10.125, 14.25], "texture": "#5"},
				"south": {"uv": [11.125, 10.25, 12.375, 10.75], "texture": "#5"},
				"up": {"uv": [12.375, 11.25, 11.125, 10.75], "texture": "#5"},
				"down": {"uv": [12.375, 11.25, 11.125, 11.75], "texture": "#5"}
			}
		},
		{
			"from": [19.26187, 0.36498, 7.62763],
			"to": [20.00662, 2.41303, 8.37237],
			"rotation": {"angle": -22.5, "axis": "z", "origin": [20.00924, 1.489, 8]},
			"faces": {
				"north": {"uv": [13.625, 1.75, 14, 2.75], "texture": "#5"},
				"east": {"uv": [2.125, 13.75, 2.5, 14.75], "texture": "#5"},
				"south": {"uv": [13.625, 2.75, 14, 3.75], "texture": "#5"},
				"west": {"uv": [13.625, 3.75, 14, 4.75], "texture": "#5"},
				"up": {"uv": [4, 14.625, 3.625, 14.25], "texture": "#5"}
			}
		},
		{
			"from": [8.5, -15, 7.985],
			"to": [32, 5, 8.015],
			"rotation": {"angle": 0, "axis": "y", "origin": [0, -15, 7.985]},
			"faces": {
				"north": {"uv": [0, 0, 11.75, 10], "texture": "#5"},
				"south": {"uv": [11.75, 0, 0, 10], "texture": "#5"}
			}
		},
		{
			"from": [12.49796, -5.14797, 6.60288],
			"to": [13.49796, -4.14797, 8.60288],
			"rotation": {"angle": 22.5, "axis": "x", "origin": [13, -4.15, 10.75288]},
			"faces": {
				"north": {"uv": [10.625, 14.25, 10.125, 13.75], "rotation": 90, "texture": "#5"},
				"east": {"uv": [12.125, 6.25, 12.625, 7.25], "rotation": 90, "texture": "#5"},
				"south": {"uv": [14.125, 10.25, 13.625, 10.75], "rotation": 90, "texture": "#5"},
				"west": {"uv": [5.625, 12.25, 6.125, 13.25], "rotation": 270, "texture": "#5"},
				"up": {"uv": [6.625, 12.25, 7.125, 13.25], "texture": "#5"},
				"down": {"uv": [6.125, 12.25, 6.625, 13.25], "rotation": 180, "texture": "#5"}
			}
		},
		{
			"from": [12.49796, -5.14797, 8.85288],
			"to": [13.49796, -4.14797, 9.85288],
			"rotation": {"angle": 22.5, "axis": "x", "origin": [13, -4.15, 10.75288]},
			"faces": {
				"north": {"uv": [12.625, 14.25, 12.125, 13.75], "rotation": 90, "texture": "#5"},
				"east": {"uv": [11.125, 13.75, 11.625, 14.25], "rotation": 90, "texture": "#5"},
				"south": {"uv": [14.125, 12.25, 13.625, 12.75], "rotation": 90, "texture": "#5"},
				"west": {"uv": [10.625, 13.75, 11.125, 14.25], "rotation": 270, "texture": "#5"},
				"up": {"uv": [11.625, 13.75, 12.125, 14.25], "texture": "#5"},
				"down": {"uv": [13.625, 10.75, 14.125, 11.25], "rotation": 180, "texture": "#5"}
			}
		},
		{
			"from": [12.34796, -5.29797, 9.85288],
			"to": [13.64796, -3.99797, 11.40288],
			"rotation": {"angle": 22.5, "axis": "x", "origin": [13, -4.15, 10.75288]},
			"faces": {
				"north": {"uv": [13.75, 7.875, 13.125, 7.25], "rotation": 90, "texture": "#5"},
				"east": {"uv": [12.125, 12.75, 12.75, 13.5], "rotation": 90, "texture": "#5"},
				"south": {"uv": [13.75, 8.25, 13.125, 8.875], "rotation": 90, "texture": "#5"},
				"west": {"uv": [12.625, 10.25, 13.25, 11], "rotation": 270, "texture": "#5"},
				"up": {"uv": [2.625, 13.25, 3.25, 14], "texture": "#5"},
				"down": {"uv": [11.125, 12.75, 11.75, 13.5], "rotation": 180, "texture": "#5"}
			}
		},
		{
			"from": [12.74796, -4.89797, 6.35288],
			"to": [13.24796, -3.89797, 8.85288],
			"rotation": {"angle": 22.5, "axis": "x", "origin": [13, -4.15, 10.75288]},
			"faces": {
				"north": {"uv": [14.625, 6.5, 14.125, 6.25], "rotation": 90, "texture": "#5"},
				"east": {"uv": [3.625, 11.75, 4.125, 13], "rotation": 90, "texture": "#5"},
				"south": {"uv": [7.125, 14.25, 6.625, 14.5], "rotation": 90, "texture": "#5"},
				"west": {"uv": [3.125, 11.75, 3.625, 13], "rotation": 270, "texture": "#5"},
				"up": {"uv": [8.125, 13.75, 8.375, 15], "texture": "#5"},
				"down": {"uv": [13.625, 4.75, 13.875, 6], "rotation": 180, "texture": "#5"}
			}
		},
		{
			"from": [12.98296, -4.89797, 2.60288],
			"to": [13.01296, -2.39797, 11.60288],
			"rotation": {"angle": 22.5, "axis": "x", "origin": [13, -4.15, 10.75288]},
			"faces": {
				"east": {"uv": [0.125, 14.75, 1.375, 10.25], "rotation": 270, "texture": "#5"},
				"west": {"uv": [0.125, 10.25, 1.375, 14.75], "rotation": 270, "texture": "#5"}
			}
		},
		{
			"from": [13.00204, -5.65203, 11.40288],
			"to": [13.00204, -3.65203, 17.40288],
			"rotation": {"angle": 22.5, "axis": "x", "origin": [13, -4.15, 10.75288]},
			"faces": {
				"east": {"uv": [0, 0, 4, 12], "rotation": 90, "texture": "#2"},
				"west": {"uv": [4, 0, 0, 12], "rotation": 270, "texture": "#2"}
			}
		},
		{
			"from": [12.00204, -4.65203, 11.40288],
			"to": [14.00204, -4.65203, 17.40288],
			"rotation": {"angle": 22.5, "axis": "x", "origin": [13, -4.15, 10.75288]},
			"faces": {
				"up": {"uv": [0, 0, 4, 12], "texture": "#2"},
				"down": {"uv": [4, 0, 0, 12], "rotation": 180, "texture": "#2"}
			}
		},
		{
			"from": [5.375, -8, 7.25],
			"to": [7.375, -6, 8.75],
			"rotation": {"angle": 22.5, "axis": "z", "origin": [6.375, -7, 8]},
			"faces": {
				"north": {"uv": [2.625, 10.25, 1.625, 11.25], "texture": "#5"},
				"east": {"uv": [5.375, 10.25, 4.625, 11.25], "texture": "#5"},
				"south": {"uv": [3.625, 10.25, 2.625, 11.25], "texture": "#5"},
				"west": {"uv": [4.375, 10.25, 3.625, 11.25], "texture": "#5"},
				"up": {"uv": [5.625, 11, 6.625, 10.25], "texture": "#5"},
				"down": {"uv": [6.625, 10.25, 7.625, 11], "texture": "#5"}
			}
		},
		{
			"from": [4.49232, -10.03701, 7.5],
			"to": [5.49232, -8.03701, 8.5],
			"rotation": {"angle": -22.5, "axis": "z", "origin": [5.99232, -10.53701, 7.5]},
			"faces": {
				"north": {"uv": [12.625, 3.25, 12.125, 4.25], "texture": "#5"},
				"east": {"uv": [5.125, 12.25, 4.625, 13.25], "texture": "#5"},
				"south": {"uv": [12.625, 4.25, 12.125, 5.25], "texture": "#5"},
				"west": {"uv": [4.625, 12.25, 4.125, 13.25], "texture": "#5"},
				"up": {"uv": [2.625, 13.25, 3.125, 12.75], "texture": "#5"},
				"down": {"uv": [13.625, 6.25, 14.125, 6.75], "texture": "#5"}
			}
		},
		{
			"from": [4.49232, -12.03701, 7.5],
			"to": [4.99232, -10.03701, 8.5],
			"rotation": {"angle": -22.5, "axis": "z", "origin": [5.99232, -10.53701, 7.5]},
			"faces": {
				"north": {"uv": [8.875, 13.75, 8.625, 14.75], "texture": "#5"},
				"east": {"uv": [12.625, 5.25, 12.125, 6.25], "texture": "#5"},
				"south": {"uv": [9.375, 13.75, 9.125, 14.75], "texture": "#5"},
				"west": {"uv": [5.625, 12.25, 5.125, 13.25], "texture": "#5"},
				"up": {"uv": [4.125, 14.75, 4.375, 14.25], "texture": "#5"},
				"down": {"uv": [4.625, 14.25, 4.875, 14.75], "texture": "#5"}
			}
		},
		{
			"from": [4.92008, -9.99842, 7.5035],
			"to": [5.64508, -9.62342, 8.4965],
			"rotation": {"angle": 22.5, "axis": "z", "origin": [5.39508, -9.74842, 8.0035]},
			"faces": {
				"north": {"uv": [14.5, 6.75, 14.125, 7], "texture": "#5"},
				"east": {"uv": [5.625, 14.25, 5.125, 14.5], "texture": "#5"},
				"south": {"uv": [7.5, 14.25, 7.125, 14.5], "texture": "#5"},
				"west": {"uv": [14.625, 4.75, 14.125, 5], "texture": "#5"},
				"up": {"uv": [13.625, 13.75, 14, 13.25], "texture": "#5"},
				"down": {"uv": [14.125, 0.25, 14.5, 0.75], "texture": "#5"}
			}
		},
		{
			"from": [4.10911, -11.7341, 7.5],
			"to": [4.60911, -11.2341, 8.5],
			"rotation": {"angle": 22.5, "axis": "z", "origin": [4.35911, -11.4841, 8]},
			"faces": {
				"north": {"uv": [14.375, 7.25, 14.125, 7.5], "texture": "#5"},
				"east": {"uv": [6.125, 14.25, 5.625, 14.5], "texture": "#5"},
				"south": {"uv": [14.375, 7.75, 14.125, 8], "texture": "#5"},
				"west": {"uv": [14.625, 5.25, 14.125, 5.5], "texture": "#5"},
				"up": {"uv": [14.125, 6.25, 14.375, 5.75], "texture": "#5"},
				"down": {"uv": [6.125, 14.25, 6.375, 14.75], "texture": "#5"}
			}
		},
		{
			"from": [2.875, -7.4, 7.5],
			"to": [5.875, -6.9, 8.5],
			"rotation": {"angle": -22.5, "axis": "z", "origin": [5.875, -6.25, 7.5]},
			"faces": {
				"north": {"uv": [14.125, 11.25, 12.625, 11.5], "texture": "#5"},
				"south": {"uv": [14.625, 9.25, 13.125, 9.5], "texture": "#5"},
				"up": {"uv": [7.625, 10.75, 9.125, 10.25], "texture": "#5"},
				"down": {"uv": [9.125, 10.25, 10.625, 10.75], "texture": "#5"}
			}
		},
		{
			"from": [2.04871, -5.96214, 7.4],
			"to": [3.54871, -4.46214, 8.6],
			"rotation": {"angle": -45, "axis": "z", "origin": [2.77371, -4.98714, 8]},
			"faces": {
				"north": {"uv": [8.875, 11.75, 8.125, 12.5], "texture": "#5"},
				"east": {"uv": [12.75, 7.25, 12.125, 8], "texture": "#5"},
				"south": {"uv": [9.875, 11.75, 9.125, 12.5], "texture": "#5"},
				"west": {"uv": [7.75, 12.25, 7.125, 13], "texture": "#5"},
				"up": {"uv": [12.125, 8.875, 12.875, 8.25], "texture": "#5"},
				"down": {"uv": [12.125, 9.25, 12.875, 9.875], "texture": "#5"}
			}
		},
		{
			"from": [2.875, -6.9, 7.75],
			"to": [5.875, -6.65, 8.25],
			"rotation": {"angle": -22.5, "axis": "z", "origin": [5.875, -6.25, 7.5]},
			"faces": {
				"north": {"uv": [15.625, 0.75, 14.125, 0.875], "texture": "#5"},
				"east": {"uv": [10.875, 14.25, 10.625, 14.375], "texture": "#5"},
				"south": {"uv": [15.625, 1.25, 14.125, 1.375], "texture": "#5"},
				"west": {"uv": [14.375, 10.25, 14.125, 10.375], "texture": "#5"}
			}
		},
		{
			"from": [2.875, -6.65, 7.5],
			"to": [5.875, -6.15, 8.5],
			"rotation": {"angle": -22.5, "axis": "z", "origin": [5.875, -6.25, 7.5]},
			"faces": {
				"north": {"uv": [14.625, 9.75, 13.125, 10], "texture": "#5"},
				"south": {"uv": [14.625, 11.75, 13.125, 12], "texture": "#5"},
				"up": {"uv": [7.625, 11.25, 9.125, 10.75], "texture": "#5"},
				"down": {"uv": [9.125, 10.75, 10.625, 11.25], "texture": "#5"}
			}
		},
		{
			"from": [2.19871, -5.81214, 7.2],
			"to": [3.39871, -4.61214, 8.8],
			"rotation": {"angle": -45, "axis": "z", "origin": [2.77371, -4.98714, 8]},
			"faces": {
				"north": {"uv": [4.25, 13.25, 3.625, 13.875], "texture": "#5"},
				"east": {"uv": [13.375, 0.25, 12.625, 0.875], "texture": "#5"},
				"south": {"uv": [5.25, 13.25, 4.625, 13.875], "texture": "#5"},
				"west": {"uv": [12.875, 11.75, 12.125, 12.375], "texture": "#5"},
				"up": {"uv": [12.625, 2, 13.25, 1.25], "texture": "#5"},
				"down": {"uv": [1.625, 12.75, 2.25, 13.5], "texture": "#5"}
			}
		},
		{
			"from": [1.89387, -5.84759, 7.5],
			"to": [2.39387, -2.84759, 8.5],
			"rotation": {"angle": 22.5, "axis": "z", "origin": [-0.33113, -4.24759, 8]},
			"faces": {
				"north": {"uv": [7.875, 13.25, 7.625, 14.75], "texture": "#5"},
				"east": {"uv": [2.125, 11.25, 1.625, 12.75], "texture": "#5"},
				"south": {"uv": [13.375, 12.25, 13.125, 13.75], "texture": "#5"},
				"west": {"uv": [11.125, 10.25, 10.625, 11.75], "texture": "#5"}
			}
		},
		{
			"from": [1.64387, -5.84759, 7.75],
			"to": [1.89387, -2.84759, 8.25],
			"rotation": {"angle": 22.5, "axis": "z", "origin": [-0.33113, -4.24759, 8]},
			"faces": {
				"north": {"uv": [14.25, 1.75, 14.125, 3.25], "texture": "#5"},
				"south": {"uv": [2.75, 14.25, 2.625, 15.75], "texture": "#5"},
				"up": {"uv": [14.125, 11, 14.25, 10.75], "texture": "#5"},
				"down": {"uv": [11.125, 14.25, 11.25, 14.5], "texture": "#5"}
			}
		},
		{
			"from": [1.14387, -5.84759, 7.5],
			"to": [1.64387, -2.84759, 8.5],
			"rotation": {"angle": 22.5, "axis": "z", "origin": [-0.33113, -4.24759, 8]},
			"faces": {
				"north": {"uv": [13.875, 0.25, 13.625, 1.75], "texture": "#5"},
				"east": {"uv": [3.125, 11.25, 2.625, 12.75], "texture": "#5"},
				"south": {"uv": [1.875, 13.75, 1.625, 15.25], "texture": "#5"},
				"west": {"uv": [2.625, 11.25, 2.125, 12.75], "texture": "#5"}
			}
		},
		{
			"from": [0.43775, -2.45516, 7.4],
			"to": [1.93775, -0.95516, 8.6],
			"rotation": {"angle": 0, "axis": "z", "origin": [0.68775, -1.80516, 8]},
			"faces": {
				"north": {"uv": [10.875, 11.75, 10.125, 12.5], "texture": "#5"},
				"east": {"uv": [13.25, 3.25, 12.625, 4], "texture": "#5"},
				"south": {"uv": [11.875, 11.75, 11.125, 12.5], "texture": "#5"},
				"west": {"uv": [13.25, 2.25, 12.625, 3], "texture": "#5"},
				"up": {"uv": [12.625, 4.875, 13.375, 4.25], "texture": "#5"},
				"down": {"uv": [12.625, 5.25, 13.375, 5.875], "texture": "#5"}
			}
		},
		{
			"from": [0.58775, -2.30516, 7.2],
			"to": [1.78775, -1.10516, 8.8],
			"rotation": {"angle": 0, "axis": "z", "origin": [0.68775, -1.80516, 8]},
			"faces": {
				"north": {"uv": [6.25, 13.25, 5.625, 13.875], "texture": "#5"},
				"east": {"uv": [8.875, 12.75, 8.125, 13.375], "texture": "#5"},
				"south": {"uv": [7.25, 13.25, 6.625, 13.875], "texture": "#5"},
				"west": {"uv": [13.375, 6.25, 12.625, 6.875], "texture": "#5"},
				"up": {"uv": [9.125, 13.5, 9.75, 12.75], "texture": "#5"},
				"down": {"uv": [10.125, 12.75, 10.75, 13.5], "texture": "#5"}
			}
		},
		{
			"from": [5.26396, -5.92263, 7.85],
			"to": [6.06396, -2.92263, 8.15],
			"rotation": {"angle": 22.5, "axis": "z", "origin": [6.16396, -4.92263, 8]},
			"faces": {
				"north": {"uv": [12.5, 0.25, 12.125, 1.75], "texture": "#5"},
				"east": {"uv": [14.25, 3.25, 14.125, 4.75], "texture": "#5"},
				"south": {"uv": [12.5, 1.75, 12.125, 3.25], "texture": "#5"},
				"west": {"uv": [3.25, 14.25, 3.125, 15.75], "texture": "#5"},
				"up": {"uv": [14.125, 8.375, 14.5, 8.25], "texture": "#5"},
				"down": {"uv": [14.125, 8.75, 14.5, 8.875], "texture": "#5"}
			}
		},
		{
			"from": [2.05621, -3.91314, 7.8505],
			"to": [5.30621, -3.11314, 8.1495],
			"rotation": {"angle": 0, "axis": "z", "origin": [3.80621, -3.51314, 8.0005]},
			"faces": {
				"north": {"uv": [5.75, 11.75, 4.125, 12.125], "texture": "#5"},
				"east": {"uv": [10.25, 14.25, 10.125, 14.625], "texture": "#5"},
				"south": {"uv": [7.75, 11.75, 6.125, 12.125], "texture": "#5"},
				"west": {"uv": [9.75, 14.25, 9.625, 14.625], "texture": "#5"},
				"up": {"uv": [12.625, 13.875, 14.25, 13.75], "texture": "#5"},
				"down": {"uv": [13.625, 12.75, 15.25, 12.875], "texture": "#5"}
			}
		},
		{
			"from": [-5.875, -9.1, 7.5],
			"to": [-3.125, -8.1, 8.5],
			"rotation": {"angle": -22.5, "axis": "z", "origin": [15.875, -15.1, 7.5]},
			"faces": {
				"north": {"uv": [4.5, 11.25, 3.125, 11.75], "texture": "#5"},
				"south": {"uv": [6, 11.25, 4.625, 11.75], "texture": "#5"},
				"west": {"uv": [14.125, 6.75, 13.625, 7.25], "texture": "#5"},
				"up": {"uv": [6.125, 11.75, 7.5, 11.25], "texture": "#5"},
				"down": {"uv": [7.625, 11.25, 9, 11.75], "texture": "#5"}
			}
		},
		{
			"from": [-3.577, -0.39753, 7.56],
			"to": [-1.157, 0.48247, 8.44],
			"rotation": {"angle": -45, "axis": "z", "origin": [-2.542, 0.09247, 8]},
			"faces": {
				"north": {"uv": [10.375, 11.25, 9.125, 11.75], "texture": "#5"},
				"south": {"uv": [12.375, 10.25, 11.125, 10.75], "texture": "#5"},
				"west": {"uv": [10.125, 13.75, 9.625, 14.25], "texture": "#5"},
				"up": {"uv": [11.125, 11.25, 12.375, 10.75], "texture": "#5"},
				"down": {"uv": [11.125, 11.25, 12.375, 11.75], "texture": "#5"}
			}
		},
		{
			"from": [-4.00662, 0.36498, 7.62763],
			"to": [-3.26187, 2.41303, 8.37237],
			"rotation": {"angle": 22.5, "axis": "z", "origin": [-4.00924, 1.489, 8]},
			"faces": {
				"north": {"uv": [14, 1.75, 13.625, 2.75], "texture": "#5"},
				"east": {"uv": [14, 3.75, 13.625, 4.75], "texture": "#5"},
				"south": {"uv": [14, 2.75, 13.625, 3.75], "texture": "#5"},
				"west": {"uv": [2.5, 13.75, 2.125, 14.75], "texture": "#5"},
				"up": {"uv": [3.625, 14.625, 4, 14.25], "texture": "#5"}
			}
		},
		{
			"from": [-16, -15, 7.985],
			"to": [7.5, 5, 8.015],
			"rotation": {"angle": 0, "axis": "y", "origin": [16, -15, 7.985]},
			"faces": {
				"north": {"uv": [11.75, 0, 0, 10], "texture": "#5"},
				"south": {"uv": [0, 0, 11.75, 10], "texture": "#5"}
			}
		},
		{
			"from": [2.50204, -5.14797, 6.60288],
			"to": [3.50204, -4.14797, 8.60288],
			"rotation": {"angle": 22.5, "axis": "x", "origin": [3, -4.15, 10.75288]},
			"faces": {
				"north": {"uv": [10.625, 13.75, 10.125, 14.25], "rotation": 90, "texture": "#5"},
				"east": {"uv": [5.625, 13.25, 6.125, 12.25], "rotation": 270, "texture": "#5"},
				"south": {"uv": [14.125, 10.75, 13.625, 10.25], "rotation": 90, "texture": "#5"},
				"west": {"uv": [12.125, 7.25, 12.625, 6.25], "rotation": 90, "texture": "#5"},
				"up": {"uv": [7.125, 12.25, 6.625, 13.25], "texture": "#5"},
				"down": {"uv": [6.625, 12.25, 6.125, 13.25], "rotation": 180, "texture": "#5"}
			}
		},
		{
			"from": [2.50204, -5.14797, 8.85288],
			"to": [3.50204, -4.14797, 9.85288],
			"rotation": {"angle": 22.5, "axis": "x", "origin": [3, -4.15, 10.75288]},
			"faces": {
				"north": {"uv": [12.625, 13.75, 12.125, 14.25], "rotation": 90, "texture": "#5"},
				"east": {"uv": [10.625, 14.25, 11.125, 13.75], "rotation": 270, "texture": "#5"},
				"south": {"uv": [14.125, 12.75, 13.625, 12.25], "rotation": 90, "texture": "#5"},
				"west": {"uv": [11.125, 14.25, 11.625, 13.75], "rotation": 90, "texture": "#5"},
				"up": {"uv": [12.125, 13.75, 11.625, 14.25], "texture": "#5"},
				"down": {"uv": [14.125, 10.75, 13.625, 11.25], "rotation": 180, "texture": "#5"}
			}
		},
		{
			"from": [2.35204, -5.29797, 9.85288],
			"to": [3.65204, -3.99797, 11.40288],
			"rotation": {"angle": 22.5, "axis": "x", "origin": [3, -4.15, 10.75288]},
			"faces": {
				"north": {"uv": [13.75, 7.25, 13.125, 7.875], "rotation": 90, "texture": "#5"},
				"east": {"uv": [12.625, 11, 13.25, 10.25], "rotation": 270, "texture": "#5"},
				"south": {"uv": [13.75, 8.875, 13.125, 8.25], "rotation": 90, "texture": "#5"},
				"west": {"uv": [12.125, 13.5, 12.75, 12.75], "rotation": 90, "texture": "#5"},
				"up": {"uv": [3.25, 13.25, 2.625, 14], "texture": "#5"},
				"down": {"uv": [11.75, 12.75, 11.125, 13.5], "rotation": 180, "texture": "#5"}
			}
		},
		{
			"from": [2.75204, -4.89797, 6.35288],
			"to": [3.25204, -3.89797, 8.85288],
			"rotation": {"angle": 22.5, "axis": "x", "origin": [3, -4.15, 10.75288]},
			"faces": {
				"north": {"uv": [14.625, 6.25, 14.125, 6.5], "rotation": 90, "texture": "#5"},
				"east": {"uv": [3.125, 13, 3.625, 11.75], "rotation": 270, "texture": "#5"},
				"south": {"uv": [7.125, 14.5, 6.625, 14.25], "rotation": 90, "texture": "#5"},
				"west": {"uv": [3.625, 13, 4.125, 11.75], "rotation": 90, "texture": "#5"},
				"up": {"uv": [8.375, 13.75, 8.125, 15], "texture": "#5"},
				"down": {"uv": [13.875, 4.75, 13.625, 6], "rotation": 180, "texture": "#5"}
			}
		},
		{
			"from": [2.98704, -4.89797, 2.60288],
			"to": [3.01704, -2.39797, 11.60288],
			"rotation": {"angle": 22.5, "axis": "x", "origin": [3, -4.15, 10.75288]},
			"faces": {
				"east": {"uv": [0.125, 14.75, 1.375, 10.25], "rotation": 270, "texture": "#5"},
				"west": {"uv": [0.125, 10.25, 1.375, 14.75], "rotation": 270, "texture": "#5"}
			}
		},
		{
			"from": [2.99796, -5.65203, 11.40288],
			"to": [2.99796, -3.65203, 17.40288],
			"rotation": {"angle": 22.5, "axis": "x", "origin": [3, -4.15, 10.75288]},
			"faces": {
				"east": {"uv": [4, 12, 0, 0], "rotation": 270, "texture": "#2"},
				"west": {"uv": [0, 12, 4, 0], "rotation": 90, "texture": "#2"}
			}
		},
		{
			"from": [1.99796, -4.65203, 11.40288],
			"to": [3.99796, -4.65203, 17.40288],
			"rotation": {"angle": 22.5, "axis": "x", "origin": [3, -4.15, 10.75288]},
			"faces": {
				"up": {"uv": [4, 0, 0, 12], "texture": "#2"},
				"down": {"uv": [0, 0, 4, 12], "rotation": 180, "texture": "#2"}
			}
		}
	],
	"gui_light": "front",
	"display": {
		"thirdperson_righthand": {
			"rotation": [-143.75, 0, -180],
			"translation": [0, -0.25, 0.5],
			"scale": [0.57617, 0.57617, 0.57617]
		},
		"thirdperson_lefthand": {
			"rotation": [67.75, 0, 0],
			"translation": [-5.5, -7.25, 9],
			"scale": [1.26758, 1.26758, 1.26758]
		},
		"firstperson_righthand": {
			"rotation": [-10, 180, 0],
			"translation": [0, 1.25, 1.25],
			"scale": [0.47656, 0.47656, 0.47656]
		},
		"firstperson_lefthand": {
			"rotation": [-10, 180, 0],
			"translation": [0, 1.25, 1.25],
			"scale": [0, 0, 0]
		},
		"ground": {
			"rotation": [-45, 0, 0],
			"translation": [0, 7.5, 0]
		},
		"gui": {
			"rotation": [0, 180, 0],
			"translation": [0, -0.75, 0],
			"scale": [0.41992, 0.41992, 0.41992]
		},
		"head": {
			"translation": [0, -78.25, 7.5],
			"scale": [1.97656, 1.97656, 1.97656]
		},
		"fixed": {
			"rotation": [0, 180, 0],
			"translation": [0, 0, -3.5],
			"scale": [1.5, 1.5, 1.5]
		}
	}
}