{"texture_size":[64,64],"textures":{"2":"adventurer_swords_volume_2:item/broadsword_of_entombed"},"elements":[{"from":[7.02,-5.88,7.02],"to":[8.98,3.08,8.98],"rotation":{"angle":0,"axis":"y","origin":[8,27.6,7.5]},"faces":{"north":{"uv":[11.25,12,11.75,14.25],"texture":"#2"},"east":{"uv":[11.25,12,11.5,14.25],"texture":"#2"},"south":{"uv":[11.75,12,11.25,14.25],"texture":"#2"},"west":{"uv":[11.5,12,11.75,14.25],"texture":"#2"},"up":{"uv":[8.75,10,9,10.25],"texture":"#2"},"down":{"uv":[8.75,10,9,10.25],"texture":"#2"}}},{"from":[5,3,7],"to":[11,6,9],"rotation":{"angle":0,"axis":"y","origin":[8,30.5,7.5]},"faces":{"north":{"uv":[10.75,11.25,12.25,12],"texture":"#2"},"east":{"uv":[8.75,10,9,10.25],"texture":"#2"},"south":{"uv":[12.25,11.25,10.75,12],"texture":"#2"},"west":{"uv":[8.75,10,9,10.25],"texture":"#2"},"up":{"uv":[10.75,11.25,12.25,11.5],"texture":"#2"},"down":{"uv":[10.75,11.75,12.25,12],"texture":"#2"}}},{"from":[9.69501,1.76873,6.98],"to":[11.73501,5.80873,9.02],"rotation":{"angle":22.5,"axis":"z","origin":[9.21501,5.78873,7.98]},"faces":{"north":{"uv":[10.25,11,10.75,12],"texture":"#2"},"east":{"uv":[10.25,11,10.5,12],"texture":"#2"},"south":{"uv":[10.75,11,10.25,12],"texture":"#2"},"west":{"uv":[10,11,10.25,12],"texture":"#2"},"up":{"uv":[10.75,11,10.25,11.25],"texture":"#2"},"down":{"uv":[10.75,11.75,10.25,12],"texture":"#2"}}},{"from":[4.26499,1.76873,6.98],"to":[6.30499,5.80873,9.02],"rotation":{"angle":-22.5,"axis":"z","origin":[6.78499,5.78873,7.98]},"faces":{"north":{"uv":[12.25,11,12.75,12],"texture":"#2"},"east":{"uv":[12.75,11,13,12],"texture":"#2"},"south":{"uv":[12.75,11,12.25,12],"texture":"#2"},"west":{"uv":[12.5,11,12.75,12],"texture":"#2"},"up":{"uv":[12.75,11,12.25,11.25],"texture":"#2"},"down":{"uv":[12.75,11.75,12.25,12],"texture":"#2"}}},{"from":[7.82149,-8.11044,7],"to":[9.82149,-4.11044,9],"rotation":{"angle":22.5,"axis":"z","origin":[8.82149,-6.11044,7.98]},"faces":{"north":{"uv":[11,14.25,11.5,15.25],"texture":"#2"},"east":{"uv":[11,14.25,11.25,15.25],"texture":"#2"},"south":{"uv":[11.5,14.25,11,15.25],"texture":"#2"},"west":{"uv":[10.75,14.25,11,15.25],"texture":"#2"},"down":{"uv":[11.5,15,11,15.25],"texture":"#2"}}},{"from":[6.15851,-8.13044,6.98],"to":[8.19851,-4.09044,9.02],"rotation":{"angle":-22.5,"axis":"z","origin":[7.17851,-6.11044,7.98]},"faces":{"north":{"uv":[11.5,14.25,12,15.25],"texture":"#2"},"east":{"uv":[12,14.25,12.25,15.25],"texture":"#2"},"south":{"uv":[12,14.25,11.5,15.25],"texture":"#2"},"west":{"uv":[11.75,14.25,12,15.25],"texture":"#2"},"down":{"uv":[12,15,11.5,15.25],"texture":"#2"}}},{"from":[5.52,9.12,7.52],"to":[10.48,25.08,8.48],"rotation":{"angle":0,"axis":"y","origin":[1,21.1,-0.25]},"faces":{"north":{"uv":[11,6.25,12.25,10.25],"texture":"#2"},"east":{"uv":[11,6.25,11.25,10.25],"texture":"#2"},"south":{"uv":[12.25,6.25,11,10.25],"texture":"#2"},"west":{"uv":[12,6.25,12.25,10.25],"texture":"#2"},"up":{"uv":[8.75,10,9,10.25],"texture":"#2"},"down":{"uv":[8.75,10,9,10.25],"texture":"#2"}}},{"from":[6.5,7.1,7.5],"to":[10.5,11.1,8.5],"rotation":{"angle":-45,"axis":"z","origin":[8,9.6,8]},"faces":{"north":{"uv":[11,10.25,12,11.25],"texture":"#2"},"east":{"uv":[11,10.25,11.25,11.25],"texture":"#2"},"south":{"uv":[12,10.25,11,11.25],"texture":"#2"},"west":{"uv":[12.25,9.75,12.5,10.75],"texture":"#2"},"up":{"uv":[11,10.25,10,10.5],"texture":"#2"},"down":{"uv":[12,11,11,11.25],"texture":"#2"}}},{"from":[8.5,7.1,7],"to":[10.5,9.1,9],"rotation":{"angle":-45,"axis":"z","origin":[8,9.6,8.5]},"faces":{"north":{"uv":[11,10.75,11.5,11.25],"texture":"#2"},"east":{"uv":[11,10.75,11.25,11.25],"texture":"#2"},"south":{"uv":[11.5,10.75,11,11.25],"texture":"#2"},"west":{"uv":[11.25,10.75,11.5,11.25],"texture":"#2"},"up":{"uv":[11.5,10.75,11,11],"texture":"#2"},"down":{"uv":[11.5,11,11,11.25],"texture":"#2"}}},{"from":[7.5,5.1,7.5],"to":[10.5,7.1,8.5],"rotation":{"angle":-45,"axis":"z","origin":[8,9.6,8]},"faces":{"north":{"uv":[12,10.75,12.75,11.25],"texture":"#2"},"east":{"uv":[8.75,10,9,10.25],"texture":"#2"},"south":{"uv":[12.75,10.75,12,11.25],"texture":"#2"},"west":{"uv":[12.5,10.75,12.75,11.25],"texture":"#2"},"up":{"uv":[8.75,10,9,10.25],"texture":"#2"},"down":{"uv":[8.75,10,9,10.25],"texture":"#2"}}},{"from":[5.5,5.1,7.5],"to":[8.5,7.1,8.5],"rotation":{"angle":45,"axis":"z","origin":[8,9.6,8]},"faces":{"north":{"uv":[10.25,10.75,11,11.25],"texture":"#2"},"east":{"uv":[10.25,10.75,10.5,11.25],"texture":"#2"},"south":{"uv":[11,10.75,10.25,11.25],"texture":"#2"},"west":{"uv":[8.75,10,9,10.25],"texture":"#2"},"up":{"uv":[8.75,10,9,10.25],"texture":"#2"},"down":{"uv":[8.75,10,9,10.25],"texture":"#2"}}},{"from":[4.5,6.1,7.5],"to":[5.5,7.1,8.5],"rotation":{"angle":45,"axis":"z","origin":[8,9.6,8]},"faces":{"north":{"uv":[10.75,11,11,11.25],"texture":"#2"},"south":{"uv":[11,11,10.75,11.25],"texture":"#2"}}},{"from":[6.5,23.1,7.5],"to":[10.5,27.1,8.5],"rotation":{"angle":-45,"axis":"z","origin":[8,25.6,8]},"faces":{"north":{"uv":[11.25,5.25,12.25,6.25],"texture":"#2"},"east":{"uv":[11,5.25,11.25,6.25],"texture":"#2"},"south":{"uv":[12.25,5.25,11.25,6.25],"texture":"#2"},"west":{"uv":[12,5.25,12.25,6.25],"texture":"#2"},"up":{"uv":[12.25,5.25,11.25,5.5],"texture":"#2"},"down":{"uv":[12.25,6,13.25,6.25],"texture":"#2"}}}],"gui_light":"front","display":{"thirdperson_righthand":{"rotation":[-10,-90,0],"translation":[0,3.25,1],"scale":[0.6,0.6,0.6]},"thirdperson_lefthand":{"rotation":[-10,90,0],"translation":[0,3.25,1],"scale":[0.6,0.6,0.6]},"firstperson_righthand":{"rotation":[21,-90,0],"translation":[4,0.5,-1.75],"scale":[0.6,0.6,0.6]},"firstperson_lefthand":{"rotation":[21,90,0],"translation":[4,0.5,-1.75],"scale":[0.6,0.6,0.6]},"ground":{"rotation":[0,0,-45],"translation":[0,3,0],"scale":[0.35,0.35,0.35]},"gui":{"rotation":[0,0,-45],"translation":[-0.25,-0.25,0],"scale":[0.6,0.6,0.6]},"head":{"rotation":[0,0,-180],"translation":[0.25,15.25,0.75],"scale":[0.6,0.6,0.6]},"fixed":{"rotation":[0,-180,-45],"translation":[0.25,-0.25,0],"scale":[0.6,0.6,0.6]}}}