{"texture_size":[64,64],"textures":{"1":"adventurer_swords_volume_2:item/underground_dwellers_sword"},"elements":[{"from":[7.02,-5.88,7.02],"to":[8.98,3.08,8.98],"rotation":{"angle":0,"axis":"y","origin":[8,27.6,7.5]},"faces":{"north":{"uv":[10.25,12.25,10.75,14.5],"texture":"#1"},"east":{"uv":[10.25,12.25,10.5,14.5],"texture":"#1"},"south":{"uv":[10.75,12.25,10.25,14.5],"texture":"#1"},"west":{"uv":[10.5,12.25,10.75,14.5],"texture":"#1"}}},{"from":[7.38791,-7.62284,7],"to":[8.38791,-5.62284,9],"rotation":{"angle":22.5,"axis":"z","origin":[7.88791,-6.12284,8]},"faces":{"north":{"uv":[10.5,14.5,10.75,15],"texture":"#1"},"south":{"uv":[10.75,14.5,10.5,15],"texture":"#1"},"down":{"uv":[10.5,14.75,10.75,15],"texture":"#1"}}},{"from":[8.38791,-7.62284,7],"to":[9.38791,-4.62284,9],"rotation":{"angle":22.5,"axis":"z","origin":[7.88791,-6.12284,8]},"faces":{"north":{"uv":[10.25,14.25,10.5,15],"texture":"#1"},"east":{"uv":[10.25,14.25,10.5,15],"texture":"#1"},"south":{"uv":[10.5,14.25,10.25,15],"texture":"#1"},"down":{"uv":[10.25,14.75,10.5,15],"texture":"#1"}}},{"from":[7.58126,-7.61671,6.98],"to":[8.62126,-5.57671,9.02],"rotation":{"angle":-22.5,"axis":"z","origin":[8.10126,-6.09671,8]},"faces":{"north":{"uv":[10.5,14.5,10.75,15],"texture":"#1"},"south":{"uv":[10.75,14.5,10.5,15],"texture":"#1"},"down":{"uv":[10.5,14.75,10.75,15],"texture":"#1"}}},{"from":[6.46819,-7.98408,6.98],"to":[7.50819,-4.94408,9.02],"rotation":{"angle":-22.5,"axis":"z","origin":[8.98819,-6.46408,8]},"faces":{"north":{"uv":[10.75,14.25,11,15],"texture":"#1"},"south":{"uv":[11,14.25,10.75,15],"texture":"#1"},"west":{"uv":[10.75,14.25,11,15],"texture":"#1"},"down":{"uv":[10.75,14.75,11,15],"texture":"#1"}}},{"from":[5,3,7],"to":[11,6,9],"rotation":{"angle":0,"axis":"y","origin":[8,30.5,7.5]},"faces":{"north":{"uv":[9.75,11.5,11.25,12.25],"texture":"#1"},"south":{"uv":[11.25,11.5,9.75,12.25],"texture":"#1"}}},{"from":[6.48,3.63,6.98],"to":[9.52,6.67,9.02],"rotation":{"angle":45,"axis":"z","origin":[8,5.15,8]},"faces":{"north":{"uv":[9.25,10.5,10,11.25],"texture":"#1"},"east":{"uv":[9.25,10.5,9.5,11.25],"texture":"#1"},"south":{"uv":[10,10.5,9.25,11.25],"texture":"#1"},"up":{"uv":[10,10.5,9.25,10.75],"texture":"#1"}}},{"from":[3.80371,3.57097,7.02],"to":[6.76371,6.53097,8.98],"rotation":{"angle":-22.5,"axis":"z","origin":[5.28371,5.05097,7.98]},"faces":{"north":{"uv":[11.25,11.25,12,12],"texture":"#1"},"south":{"uv":[12,11.25,11.25,12],"texture":"#1"},"west":{"uv":[11.75,11.25,12,12],"texture":"#1"},"up":{"uv":[12,11.25,11.25,11.5],"texture":"#1"}}},{"from":[3.79758,1.99985,7.04],"to":[6.71758,4.91985,8.96],"rotation":{"angle":22.5,"axis":"z","origin":[5.25758,3.45985,7.96]},"faces":{"north":{"uv":[11.25,12,12,12.75],"texture":"#1"},"south":{"uv":[12,12,11.25,12.75],"texture":"#1"},"west":{"uv":[11.75,12,12,12.75],"texture":"#1"},"down":{"uv":[12,12.5,11.25,12.75],"texture":"#1"}}},{"from":[9.23629,3.57097,7.02],"to":[12.19629,6.53097,8.98],"rotation":{"angle":22.5,"axis":"z","origin":[10.71629,5.05097,7.98]},"faces":{"north":{"uv":[9,11.25,9.75,12],"texture":"#1"},"east":{"uv":[9,11.25,9.25,12],"texture":"#1"},"south":{"uv":[9.75,11.25,9,12],"texture":"#1"},"up":{"uv":[9.75,11.25,9,11.5],"texture":"#1"}}},{"from":[9.28242,1.99985,7.04],"to":[12.20242,4.91985,8.96],"rotation":{"angle":-22.5,"axis":"z","origin":[10.74242,3.45985,7.96]},"faces":{"north":{"uv":[9,12,9.75,12.75],"texture":"#1"},"east":{"uv":[9,12,9.25,12.75],"texture":"#1"},"south":{"uv":[9.75,12,9,12.75],"texture":"#1"},"down":{"uv":[9.75,12.5,9,12.75],"texture":"#1"}}},{"from":[5.52,5.92,7.52],"to":[10.48,24.88,8.48],"rotation":{"angle":0,"axis":"y","origin":[1,20.9,-3.25]},"faces":{"north":{"uv":[10,6.75,11.25,11.5],"texture":"#1"},"east":{"uv":[10,6.75,10.25,11.5],"texture":"#1"},"south":{"uv":[11.25,6.75,10,11.5],"texture":"#1"},"west":{"uv":[11,6.75,11.25,11.5],"texture":"#1"}}},{"from":[5.00645,5.14751,7.54],"to":[5.92645,8.06751,8.46],"rotation":{"angle":-22.5,"axis":"z","origin":[5.46645,6.60751,4.98]},"faces":{"north":{"uv":[11,10.5,11.25,11.25],"texture":"#1"},"south":{"uv":[11,10.5,11.25,11.25],"texture":"#1"},"west":{"uv":[11,10.5,11.25,11.25],"texture":"#1"}}},{"from":[10.07355,5.14751,7.54],"to":[10.99355,8.06751,8.46],"rotation":{"angle":22.5,"axis":"z","origin":[10.53355,6.60751,4.98]},"faces":{"north":{"uv":[10,10.5,10.25,11.25],"texture":"#1"},"east":{"uv":[10,10.5,10.25,11.25],"texture":"#1"},"south":{"uv":[10,10.5,10.25,11.25],"texture":"#1"}}},{"from":[6.5,22.9,7.5],"to":[10.5,26.9,8.5],"rotation":{"angle":-45,"axis":"z","origin":[8,25.4,8]},"faces":{"north":{"uv":[10.25,6,11.25,7],"texture":"#1"},"east":{"uv":[10,5.75,10.25,6.75],"texture":"#1"},"south":{"uv":[11.25,6,10.25,7],"texture":"#1"},"west":{"uv":[11,6,11.25,7],"texture":"#1"},"up":{"uv":[11.25,6,10.25,6.25],"texture":"#1"},"down":{"uv":[11.25,6.75,12.25,7],"texture":"#1"}}}],"gui_light":"front","display":{"thirdperson_righthand":{"rotation":[-10,-90,0],"translation":[0,3.25,0.75],"scale":[0.6,0.6,0.6]},"thirdperson_lefthand":{"rotation":[-10,90,0],"translation":[0,3.25,0.75],"scale":[0.6,0.6,0.6]},"firstperson_righthand":{"rotation":[21,-90,0],"translation":[4,0.5,-1.75],"scale":[0.6,0.6,0.6]},"firstperson_lefthand":{"rotation":[21,90,0],"translation":[4,0.5,-1.75],"scale":[0.6,0.6,0.6]},"ground":{"rotation":[0,0,-45],"translation":[0,3,0],"scale":[0.35,0.35,0.35]},"gui":{"rotation":[0,0,-45],"translation":[-0.75,-0.75,0],"scale":[0.625,0.625,0.625]},"head":{"rotation":[0,0,-180],"translation":[0.25,15.25,0.75],"scale":[0.6,0.6,0.6]},"fixed":{"rotation":[0,-180,-45],"translation":[0.75,-0.75,0],"scale":[0.6,0.6,0.6]}}}